This is pdfTeX, Version 3.141592653-2.6-1.40.27 (TeX Live 2025/nixos.org) (preloaded format=pdflatex 1980.1.1)  21 SEP 2026 13:32
entering extended mode
 restricted \write18 enabled.
 %&-line parsing enabled.
**/home/maniacalm/bin/VQVAE_studies/full.tex
(/home/maniacalm/bin/VQVAE_studies/full.tex
LaTeX2e <2025-11-01>
L3 programming layer <2026-01-19>

(/nix/store/gnzyg3c8dsj6zwii6j7whjhbjlimkxmv-texlive-2025-r78234-final-env-texm
fdist/tex/latex/base/article.cls
Document Class: article 2025/01/22 v1.4n Standard LaTeX document class

(/nix/store/gnzyg3c8dsj6zwii6j7whjhbjlimkxmv-texlive-2025-r78234-final-env-texm
fdist/tex/latex/base/size10.clo
File: size10.clo 2025/01/22 v1.4n Standard LaTeX file (size option)
)
\c@part=\count275
\c@section=\count276
\c@subsection=\count277
\c@subsubsection=\count278
\c@paragraph=\count279
\c@subparagraph=\count280
\c@figure=\count281
\c@table=\count282
\abovecaptionskip=\skip49
\belowcaptionskip=\skip50
\bibindent=\dimen148
)
(/nix/store/gnzyg3c8dsj6zwii6j7whjhbjlimkxmv-texlive-2025-r78234-final-env-texm
fdist/tex/latex/base/fontenc.sty
Package: fontenc 2025/07/18 v2.1d Standard LaTeX package
)
(/nix/store/gnzyg3c8dsj6zwii6j7whjhbjlimkxmv-texlive-2025-r78234-final-env-texm
fdist/tex/latex/base/inputenc.sty
Package: inputenc 2024/02/08 v1.3d Input encoding file
\inpenc@prehook=\toks17
\inpenc@posthook=\toks18
)
(/nix/store/gnzyg3c8dsj6zwii6j7whjhbjlimkxmv-texlive-2025-r78234-final-env-texm
fdist/tex/latex/lm/lmodern.sty
Package: lmodern 2015/05/01 v1.6.1 Latin Modern Fonts
LaTeX Font Info:    Overwriting symbol font `operators' in version `normal'
(Font)                  OT1/cmr/m/n --> OT1/lmr/m/n on input line 22.
LaTeX Font Info:    Overwriting symbol font `letters' in version `normal'
(Font)                  OML/cmm/m/it --> OML/lmm/m/it on input line 23.
LaTeX Font Info:    Overwriting symbol font `symbols' in version `normal'
(Font)                  OMS/cmsy/m/n --> OMS/lmsy/m/n on input line 24.
LaTeX Font Info:    Overwriting symbol font `largesymbols' in version `normal'
(Font)                  OMX/cmex/m/n --> OMX/lmex/m/n on input line 25.
LaTeX Font Info:    Overwriting symbol font `operators' in version `bold'
(Font)                  OT1/cmr/bx/n --> OT1/lmr/bx/n on input line 26.
LaTeX Font Info:    Overwriting symbol font `letters' in version `bold'
(Font)                  OML/cmm/b/it --> OML/lmm/b/it on input line 27.
LaTeX Font Info:    Overwriting symbol font `symbols' in version `bold'
(Font)                  OMS/cmsy/b/n --> OMS/lmsy/b/n on input line 28.
LaTeX Font Info:    Overwriting symbol font `largesymbols' in version `bold'
(Font)                  OMX/cmex/m/n --> OMX/lmex/m/n on input line 29.
LaTeX Font Info:    Overwriting math alphabet `\mathbf' in version `normal'
(Font)                  OT1/cmr/bx/n --> OT1/lmr/bx/n on input line 31.
LaTeX Font Info:    Overwriting math alphabet `\mathsf' in version `normal'
(Font)                  OT1/cmss/m/n --> OT1/lmss/m/n on input line 32.
LaTeX Font Info:    Overwriting math alphabet `\mathit' in version `normal'
(Font)                  OT1/cmr/m/it --> OT1/lmr/m/it on input line 33.
LaTeX Font Info:    Overwriting math alphabet `\mathtt' in version `normal'
(Font)                  OT1/cmtt/m/n --> OT1/lmtt/m/n on input line 34.
LaTeX Font Info:    Overwriting math alphabet `\mathbf' in version `bold'
(Font)                  OT1/cmr/bx/n --> OT1/lmr/bx/n on input line 35.
LaTeX Font Info:    Overwriting math alphabet `\mathsf' in version `bold'
(Font)                  OT1/cmss/bx/n --> OT1/lmss/bx/n on input line 36.
LaTeX Font Info:    Overwriting math alphabet `\mathit' in version `bold'
(Font)                  OT1/cmr/bx/it --> OT1/lmr/bx/it on input line 37.
LaTeX Font Info:    Overwriting math alphabet `\mathtt' in version `bold'
(Font)                  OT1/cmtt/m/n --> OT1/lmtt/m/n on input line 38.
)
(/nix/store/gnzyg3c8dsj6zwii6j7whjhbjlimkxmv-texlive-2025-r78234-final-env-texm
fdist/tex/latex/base/textcomp.sty
Package: textcomp 2024/04/24 v2.1b Standard LaTeX package
)
(/nix/store/gnzyg3c8dsj6zwii6j7whjhbjlimkxmv-texlive-2025-r78234-final-env-texm
fdist/tex/latex/lastpage/lastpage.sty
Package: lastpage 2025/08/14 v2.1h lastpage: 2.09 or 2e? (HMM)

(/nix/store/gnzyg3c8dsj6zwii6j7whjhbjlimkxmv-texlive-2025-r78234-final-env-texm
fdist/tex/latex/lastpage/lastpage2e.sty
Package: lastpage2e 2025/08/14 v2.1h Decide which 2e lastpage version to use (H
MM)

(/nix/store/gnzyg3c8dsj6zwii6j7whjhbjlimkxmv-texlive-2025-r78234-final-env-texm
fdist/tex/latex/lastpage/lastpagemodern.sty
Package: lastpagemodern 2025-08-14 v2.1h Refers to last page's name (HMM; JPG)
\c@lastpagecount=\count283
) 
))
(/nix/store/gnzyg3c8dsj6zwii6j7whjhbjlimkxmv-texlive-2025-r78234-final-env-texm
fdist/tex/latex/geometry/geometry.sty
Package: geometry 2020/01/02 v5.9 Page Geometry

(/nix/store/gnzyg3c8dsj6zwii6j7whjhbjlimkxmv-texlive-2025-r78234-final-env-texm
fdist/tex/latex/graphics/keyval.sty
Package: keyval 2022/05/29 v1.15 key=value parser (DPC)
\KV@toks@=\toks19
)
(/nix/store/gnzyg3c8dsj6zwii6j7whjhbjlimkxmv-texlive-2025-r78234-final-env-texm
fdist/tex/generic/iftex/ifvtex.sty
Package: ifvtex 2019/10/25 v1.7 ifvtex legacy package. Use iftex instead.

(/nix/store/gnzyg3c8dsj6zwii6j7whjhbjlimkxmv-texlive-2025-r78234-final-env-texm
fdist/tex/generic/iftex/iftex.sty
Package: iftex 2024/12/12 v1.0g TeX engine tests
))
\Gm@cnth=\count284
\Gm@cntv=\count285
\c@Gm@tempcnt=\count286
\Gm@bindingoffset=\dimen149
\Gm@wd@mp=\dimen150
\Gm@odd@mp=\dimen151
\Gm@even@mp=\dimen152
\Gm@layoutwidth=\dimen153
\Gm@layoutheight=\dimen154
\Gm@layouthoffset=\dimen155
\Gm@layoutvoffset=\dimen156
\Gm@dimlist=\toks20
)
(/nix/store/gnzyg3c8dsj6zwii6j7whjhbjlimkxmv-texlive-2025-r78234-final-env-texm
fdist/tex/latex/graphics/graphicx.sty
Package: graphicx 2024/12/31 v1.2e Enhanced LaTeX Graphics (DPC,SPQR)

(/nix/store/gnzyg3c8dsj6zwii6j7whjhbjlimkxmv-texlive-2025-r78234-final-env-texm
fdist/tex/latex/graphics/graphics.sty
Package: graphics 2024/08/06 v1.4g Standard LaTeX Graphics (DPC,SPQR)

(/nix/store/gnzyg3c8dsj6zwii6j7whjhbjlimkxmv-texlive-2025-r78234-final-env-texm
fdist/tex/latex/graphics/trig.sty
Package: trig 2023/12/02 v1.11 sin cos tan (DPC)
)
(/nix/store/gnzyg3c8dsj6zwii6j7whjhbjlimkxmv-texlive-2025-r78234-final-env-texm
fdist/tex/latex/graphics-cfg/graphics.cfg
File: graphics.cfg 2016/06/04 v1.11 sample graphics configuration
)
Package graphics Info: Driver file: pdftex.def on input line 106.

(/nix/store/gnzyg3c8dsj6zwii6j7whjhbjlimkxmv-texlive-2025-r78234-final-env-texm
fdist/tex/latex/graphics-def/pdftex.def
File: pdftex.def 2025/09/29 v1.2d Graphics/color driver for pdftex
))
\Gin@req@height=\dimen157
\Gin@req@width=\dimen158
)
LaTeX Font Info:    Trying to load font information for T1+lmr on input line 13
.

(/nix/store/gnzyg3c8dsj6zwii6j7whjhbjlimkxmv-texlive-2025-r78234-final-env-texm
fdist/tex/latex/lm/t1lmr.fd
File: t1lmr.fd 2015/05/01 v1.6.1 Font defs for Latin Modern
)
(/nix/store/gnzyg3c8dsj6zwii6j7whjhbjlimkxmv-texlive-2025-r78234-final-env-texm
fdist/tex/latex/l3backend/l3backend-pdftex.def
File: l3backend-pdftex.def 2025-10-09 L3 backend support: PDF output (pdfTeX)
\l__color_backend_stack_int=\count287
) (./full.aux)
\openout1 = `full.aux'.

LaTeX Font Info:    Checking defaults for OML/cmm/m/it on input line 13.
LaTeX Font Info:    ... okay on input line 13.
LaTeX Font Info:    Checking defaults for OMS/cmsy/m/n on input line 13.
LaTeX Font Info:    ... okay on input line 13.
LaTeX Font Info:    Checking defaults for OT1/cmr/m/n on input line 13.
LaTeX Font Info:    ... okay on input line 13.
LaTeX Font Info:    Checking defaults for T1/cmr/m/n on input line 13.
LaTeX Font Info:    ... okay on input line 13.
LaTeX Font Info:    Checking defaults for TS1/cmr/m/n on input line 13.
LaTeX Font Info:    ... okay on input line 13.
LaTeX Font Info:    Checking defaults for OMX/cmex/m/n on input line 13.
LaTeX Font Info:    ... okay on input line 13.
LaTeX Font Info:    Checking defaults for U/cmr/m/n on input line 13.
LaTeX Font Info:    ... okay on input line 13.

*geometry* driver: auto-detecting
*geometry* detected driver: pdftex
*geometry* verbose mode - [ preamble ] result:
* driver: pdftex
* paper: <default>
* layout: <same size as paper>
* layoutoffset:(h,v)=(0.0pt,0.0pt)
* modes: 
* h-part:(L,W,R)=(284.52756pt, 237.62225pt, 92.14519pt)
* v-part:(T,H,B)=(28.45274pt, 671.11987pt, 95.39737pt)
* \paperwidth=614.295pt
* \paperheight=794.96999pt
* \textwidth=237.62225pt
* \textheight=671.11987pt
* \oddsidemargin=212.25757pt
* \evensidemargin=212.25757pt
* \topmargin=-80.81725pt
* \headheight=12.0pt
* \headsep=25.0pt
* \topskip=10.0pt
* \footskip=30.0pt
* \marginparwidth=65.0pt
* \marginparsep=11.0pt
* \columnsep=10.0pt
* \skip\footins=9.0pt plus 4.0pt minus 2.0pt
* \hoffset=0.0pt
* \voffset=0.0pt
* \mag=1000
* \@twocolumnfalse
* \@twosidefalse
* \@mparswitchfalse
* \@reversemarginfalse
* (1in=72.27pt=25.4mm, 1cm=28.453pt)


(/nix/store/gnzyg3c8dsj6zwii6j7whjhbjlimkxmv-texlive-2025-r78234-final-env-texm
fdist/tex/context/base/mkii/supp-pdf.mkii
[Loading MPS to PDF converter (version 2006.09.02).]
\scratchcounter=\count288
\scratchdimen=\dimen159
\scratchbox=\box53
\nofMPsegments=\count289
\nofMParguments=\count290
\everyMPshowfont=\toks21
\MPscratchCnt=\count291
\MPscratchDim=\dimen160
\MPnumerator=\count292
\makeMPintoPDFobject=\count293
\everyMPtoPDFconversion=\toks22
)
(/nix/store/gnzyg3c8dsj6zwii6j7whjhbjlimkxmv-texlive-2025-r78234-final-env-texm
fdist/tex/latex/epstopdf-pkg/epstopdf-base.sty
Package: epstopdf-base 2020-01-24 v2.11 Base part for package epstopdf
Package epstopdf-base Info: Redefining graphics rule for `.eps' on input line 4
85.

(/nix/store/gnzyg3c8dsj6zwii6j7whjhbjlimkxmv-texlive-2025-r78234-final-env-texm
fdist/tex/latex/latexconfig/epstopdf-sys.cfg
File: epstopdf-sys.cfg 2010/07/13 v1.3 Configuration of (r)epstopdf for TeX Liv
e
))
<./run_data/exp2/SNR:13.89-Run:pdyfqsk9/output_0.png, id=1, 867.24pt x 289.08pt
>
File: ./run_data/exp2/SNR:13.89-Run:pdyfqsk9/output_0.png Graphic file (type pn
g)
<use ./run_data/exp2/SNR:13.89-Run:pdyfqsk9/output_0.png>
Package pdftex.def Info: ./run_data/exp2/SNR:13.89-Run:pdyfqsk9/output_0.png  u
sed on input line 23.
(pdftex.def)             Requested size: 120.45044pt x 40.14891pt.
File: ./run_data/exp2/SNR:13.89-Run:pdyfqsk9/output_0.png Graphic file (type pn
g)
<use ./run_data/exp2/SNR:13.89-Run:pdyfqsk9/output_0.png>
Package pdftex.def Info: ./run_data/exp2/SNR:13.89-Run:pdyfqsk9/output_0.png  u
sed on input line 32.
(pdftex.def)             Requested size: 120.45044pt x 40.14891pt.
File: ./run_data/exp2/SNR:13.89-Run:pdyfqsk9/output_0.png Graphic file (type pn
g)
<use ./run_data/exp2/SNR:13.89-Run:pdyfqsk9/output_0.png>
Package pdftex.def Info: ./run_data/exp2/SNR:13.89-Run:pdyfqsk9/output_0.png  u
sed on input line 41.
(pdftex.def)             Requested size: 120.45044pt x 40.14891pt.
File: ./run_data/exp2/SNR:13.89-Run:pdyfqsk9/output_0.png Graphic file (type pn
g)
<use ./run_data/exp2/SNR:13.89-Run:pdyfqsk9/output_0.png>
Package pdftex.def Info: ./run_data/exp2/SNR:13.89-Run:pdyfqsk9/output_0.png  u
sed on input line 50.
(pdftex.def)             Requested size: 120.45044pt x 40.14891pt.
<./run_data/exp2/SNR:13.89-Run:2ysikca9/output_0.png, id=3, 867.24pt x 289.08pt
>
File: ./run_data/exp2/SNR:13.89-Run:2ysikca9/output_0.png Graphic file (type pn
g)
<use ./run_data/exp2/SNR:13.89-Run:2ysikca9/output_0.png>
Package pdftex.def Info: ./run_data/exp2/SNR:13.89-Run:2ysikca9/output_0.png  u
sed on input line 59.
(pdftex.def)             Requested size: 120.45044pt x 40.14891pt.
File: ./run_data/exp2/SNR:13.89-Run:2ysikca9/output_0.png Graphic file (type pn
g)
<use ./run_data/exp2/SNR:13.89-Run:2ysikca9/output_0.png>
Package pdftex.def Info: ./run_data/exp2/SNR:13.89-Run:2ysikca9/output_0.png  u
sed on input line 68.
(pdftex.def)             Requested size: 120.45044pt x 40.14891pt.
File: ./run_data/exp2/SNR:13.89-Run:2ysikca9/output_0.png Graphic file (type pn
g)
<use ./run_data/exp2/SNR:13.89-Run:2ysikca9/output_0.png>
Package pdftex.def Info: ./run_data/exp2/SNR:13.89-Run:2ysikca9/output_0.png  u
sed on input line 77.
(pdftex.def)             Requested size: 120.45044pt x 40.14891pt.
File: ./run_data/exp2/SNR:13.89-Run:2ysikca9/output_0.png Graphic file (type pn
g)
<use ./run_data/exp2/SNR:13.89-Run:2ysikca9/output_0.png>
Package pdftex.def Info: ./run_data/exp2/SNR:13.89-Run:2ysikca9/output_0.png  u
sed on input line 86.
(pdftex.def)             Requested size: 120.45044pt x 40.14891pt.


LaTeX Warning: `!h' float specifier changed to `!ht'.

File: ./run_data/exp2/SNR:13.89-Run:2ysikca9/output_0.png Graphic file (type pn
g)
<use ./run_data/exp2/SNR:13.89-Run:2ysikca9/output_0.png>
Package pdftex.def Info: ./run_data/exp2/SNR:13.89-Run:2ysikca9/output_0.png  u
sed on input line 95.
(pdftex.def)             Requested size: 120.45044pt x 40.14891pt.

LaTeX Warning: `!h' float specifier changed to `!ht'.

File: ./run_data/exp2/SNR:13.89-Run:2ysikca9/output_0.png Graphic file (type pn
g)
<use ./run_data/exp2/SNR:13.89-Run:2ysikca9/output_0.png>
Package pdftex.def Info: ./run_data/exp2/SNR:13.89-Run:2ysikca9/output_0.png  u
sed on input line 104.
(pdftex.def)             Requested size: 120.45044pt x 40.14891pt.

LaTeX Warning: `!h' float specifier changed to `!ht'.

File: ./run_data/exp2/SNR:13.89-Run:2ysikca9/output_0.png Graphic file (type pn
g)
<use ./run_data/exp2/SNR:13.89-Run:2ysikca9/output_0.png>
Package pdftex.def Info: ./run_data/exp2/SNR:13.89-Run:2ysikca9/output_0.png  u
sed on input line 113.
(pdftex.def)             Requested size: 120.45044pt x 40.14891pt.

LaTeX Warning: `!h' float specifier changed to `!ht'.

File: ./run_data/exp2/SNR:13.89-Run:2ysikca9/output_0.png Graphic file (type pn
g)
<use ./run_data/exp2/SNR:13.89-Run:2ysikca9/output_0.png>
Package pdftex.def Info: ./run_data/exp2/SNR:13.89-Run:2ysikca9/output_0.png  u
sed on input line 122.
(pdftex.def)             Requested size: 120.45044pt x 40.14891pt.

LaTeX Warning: `!h' float specifier changed to `!ht'.

File: ./run_data/exp2/SNR:13.89-Run:2ysikca9/output_0.png Graphic file (type pn
g)
<use ./run_data/exp2/SNR:13.89-Run:2ysikca9/output_0.png>
Package pdftex.def Info: ./run_data/exp2/SNR:13.89-Run:2ysikca9/output_0.png  u
sed on input line 131.
(pdftex.def)             Requested size: 120.45044pt x 40.14891pt.

LaTeX Warning: `!h' float specifier changed to `!ht'.

File: ./run_data/exp2/SNR:13.89-Run:2ysikca9/output_0.png Graphic file (type pn
g)
<use ./run_data/exp2/SNR:13.89-Run:2ysikca9/output_0.png>
Package pdftex.def Info: ./run_data/exp2/SNR:13.89-Run:2ysikca9/output_0.png  u
sed on input line 140.
(pdftex.def)             Requested size: 120.45044pt x 40.14891pt.

LaTeX Warning: `!h' float specifier changed to `!ht'.

File: ./run_data/exp2/SNR:13.89-Run:2ysikca9/output_0.png Graphic file (type pn
g)
<use ./run_data/exp2/SNR:13.89-Run:2ysikca9/output_0.png>
Package pdftex.def Info: ./run_data/exp2/SNR:13.89-Run:2ysikca9/output_0.png  u
sed on input line 149.
(pdftex.def)             Requested size: 120.45044pt x 40.14891pt.

LaTeX Warning: `!h' float specifier changed to `!ht'.

File: ./run_data/exp2/SNR:13.89-Run:2ysikca9/output_0.png Graphic file (type pn
g)
<use ./run_data/exp2/SNR:13.89-Run:2ysikca9/output_0.png>
Package pdftex.def Info: ./run_data/exp2/SNR:13.89-Run:2ysikca9/output_0.png  u
sed on input line 158.
(pdftex.def)             Requested size: 120.45044pt x 40.14891pt.

LaTeX Warning: `!h' float specifier changed to `!ht'.

File: ./run_data/exp2/SNR:13.89-Run:2ysikca9/output_0.png Graphic file (type pn
g)
<use ./run_data/exp2/SNR:13.89-Run:2ysikca9/output_0.png>
Package pdftex.def Info: ./run_data/exp2/SNR:13.89-Run:2ysikca9/output_0.png  u
sed on input line 167.
(pdftex.def)             Requested size: 120.45044pt x 40.14891pt.

LaTeX Warning: `!h' float specifier changed to `!ht'.

File: ./run_data/exp2/SNR:13.89-Run:2ysikca9/output_0.png Graphic file (type pn
g)
<use ./run_data/exp2/SNR:13.89-Run:2ysikca9/output_0.png>
Package pdftex.def Info: ./run_data/exp2/SNR:13.89-Run:2ysikca9/output_0.png  u
sed on input line 176.
(pdftex.def)             Requested size: 120.45044pt x 40.14891pt.

LaTeX Warning: `!h' float specifier changed to `!ht'.

File: ./run_data/exp2/SNR:13.89-Run:2ysikca9/output_0.png Graphic file (type pn
g)
<use ./run_data/exp2/SNR:13.89-Run:2ysikca9/output_0.png>
Package pdftex.def Info: ./run_data/exp2/SNR:13.89-Run:2ysikca9/output_0.png  u
sed on input line 185.
(pdftex.def)             Requested size: 120.45044pt x 40.14891pt.

LaTeX Warning: `!h' float specifier changed to `!ht'.

File: ./run_data/exp2/SNR:13.89-Run:2ysikca9/output_0.png Graphic file (type pn
g)
<use ./run_data/exp2/SNR:13.89-Run:2ysikca9/output_0.png>
Package pdftex.def Info: ./run_data/exp2/SNR:13.89-Run:2ysikca9/output_0.png  u
sed on input line 194.
(pdftex.def)             Requested size: 120.45044pt x 40.14891pt.

LaTeX Warning: `!h' float specifier changed to `!ht'.

File: ./run_data/exp2/SNR:13.89-Run:2ysikca9/output_0.png Graphic file (type pn
g)
<use ./run_data/exp2/SNR:13.89-Run:2ysikca9/output_0.png>
Package pdftex.def Info: ./run_data/exp2/SNR:13.89-Run:2ysikca9/output_0.png  u
sed on input line 203.
(pdftex.def)             Requested size: 120.45044pt x 40.14891pt.

LaTeX Warning: `!h' float specifier changed to `!ht'.

File: ./run_data/exp2/SNR:13.89-Run:2ysikca9/output_0.png Graphic file (type pn
g)
<use ./run_data/exp2/SNR:13.89-Run:2ysikca9/output_0.png>
Package pdftex.def Info: ./run_data/exp2/SNR:13.89-Run:2ysikca9/output_0.png  u
sed on input line 212.
(pdftex.def)             Requested size: 120.45044pt x 40.14891pt.

LaTeX Warning: `!h' float specifier changed to `!ht'.

<./run_data/exp2/SNR:13.89-Run:1leah5lm/output_0.png, id=4, 867.24pt x 289.08pt
>
File: ./run_data/exp2/SNR:13.89-Run:1leah5lm/output_0.png Graphic file (type pn
g)
<use ./run_data/exp2/SNR:13.89-Run:1leah5lm/output_0.png>
Package pdftex.def Info: ./run_data/exp2/SNR:13.89-Run:1leah5lm/output_0.png  u
sed on input line 221.
(pdftex.def)             Requested size: 120.45044pt x 40.14891pt.

LaTeX Warning: `!h' float specifier changed to `!ht'.

File: ./run_data/exp2/SNR:13.89-Run:1leah5lm/output_0.png Graphic file (type pn
g)
<use ./run_data/exp2/SNR:13.89-Run:1leah5lm/output_0.png>
Package pdftex.def Info: ./run_data/exp2/SNR:13.89-Run:1leah5lm/output_0.png  u
sed on input line 230.
(pdftex.def)             Requested size: 120.45044pt x 40.14891pt.

LaTeX Warning: `!h' float specifier changed to `!ht'.

File: ./run_data/exp2/SNR:13.89-Run:1leah5lm/output_0.png Graphic file (type pn
g)
<use ./run_data/exp2/SNR:13.89-Run:1leah5lm/output_0.png>
Package pdftex.def Info: ./run_data/exp2/SNR:13.89-Run:1leah5lm/output_0.png  u
sed on input line 239.
(pdftex.def)             Requested size: 120.45044pt x 40.14891pt.

LaTeX Warning: `!h' float specifier changed to `!ht'.

File: ./run_data/exp2/SNR:13.89-Run:1leah5lm/output_0.png Graphic file (type pn
g)
<use ./run_data/exp2/SNR:13.89-Run:1leah5lm/output_0.png>
Package pdftex.def Info: ./run_data/exp2/SNR:13.89-Run:1leah5lm/output_0.png  u
sed on input line 248.
(pdftex.def)             Requested size: 120.45044pt x 40.14891pt.

LaTeX Warning: `!h' float specifier changed to `!ht'.

File: ./run_data/exp2/SNR:13.89-Run:1leah5lm/output_0.png Graphic file (type pn
g)
<use ./run_data/exp2/SNR:13.89-Run:1leah5lm/output_0.png>
Package pdftex.def Info: ./run_data/exp2/SNR:13.89-Run:1leah5lm/output_0.png  u
sed on input line 257.
(pdftex.def)             Requested size: 120.45044pt x 40.14891pt.

LaTeX Warning: `!h' float specifier changed to `!ht'.

File: ./run_data/exp2/SNR:13.89-Run:1leah5lm/output_0.png Graphic file (type pn
g)
<use ./run_data/exp2/SNR:13.89-Run:1leah5lm/output_0.png>
Package pdftex.def Info: ./run_data/exp2/SNR:13.89-Run:1leah5lm/output_0.png  u
sed on input line 266.
(pdftex.def)             Requested size: 120.45044pt x 40.14891pt.

LaTeX Warning: `!h' float specifier changed to `!ht'.

File: ./run_data/exp2/SNR:13.89-Run:1leah5lm/output_0.png Graphic file (type pn
g)
<use ./run_data/exp2/SNR:13.89-Run:1leah5lm/output_0.png>
Package pdftex.def Info: ./run_data/exp2/SNR:13.89-Run:1leah5lm/output_0.png  u
sed on input line 275.
(pdftex.def)             Requested size: 120.45044pt x 40.14891pt.

LaTeX Warning: `!h' float specifier changed to `!ht'.

File: ./run_data/exp2/SNR:13.89-Run:1leah5lm/output_0.png Graphic file (type pn
g)
<use ./run_data/exp2/SNR:13.89-Run:1leah5lm/output_0.png>
Package pdftex.def Info: ./run_data/exp2/SNR:13.89-Run:1leah5lm/output_0.png  u
sed on input line 284.
(pdftex.def)             Requested size: 120.45044pt x 40.14891pt.

LaTeX Warning: `!h' float specifier changed to `!ht'.

File: ./run_data/exp2/SNR:13.89-Run:1leah5lm/output_0.png Graphic file (type pn
g)
<use ./run_data/exp2/SNR:13.89-Run:1leah5lm/output_0.png>
Package pdftex.def Info: ./run_data/exp2/SNR:13.89-Run:1leah5lm/output_0.png  u
sed on input line 293.
(pdftex.def)             Requested size: 120.45044pt x 40.14891pt.

LaTeX Warning: `!h' float specifier changed to `!ht'.

File: ./run_data/exp2/SNR:13.89-Run:1leah5lm/output_0.png Graphic file (type pn
g)
<use ./run_data/exp2/SNR:13.89-Run:1leah5lm/output_0.png>
Package pdftex.def Info: ./run_data/exp2/SNR:13.89-Run:1leah5lm/output_0.png  u
sed on input line 302.
(pdftex.def)             Requested size: 120.45044pt x 40.14891pt.

LaTeX Warning: `!h' float specifier changed to `!ht'.

File: ./run_data/exp2/SNR:13.89-Run:1leah5lm/output_0.png Graphic file (type pn
g)
<use ./run_data/exp2/SNR:13.89-Run:1leah5lm/output_0.png>
Package pdftex.def Info: ./run_data/exp2/SNR:13.89-Run:1leah5lm/output_0.png  u
sed on input line 313.
(pdftex.def)             Requested size: 120.45044pt x 40.14891pt.

LaTeX Warning: `!h' float specifier changed to `!ht'.

<./run_data/exp2/SNR:3.73-Run:18clb6jn/output_0.png, id=5, 867.24pt x 289.08pt>

File: ./run_data/exp2/SNR:3.73-Run:18clb6jn/output_0.png Graphic file (type png
)
<use ./run_data/exp2/SNR:3.73-Run:18clb6jn/output_0.png>
Package pdftex.def Info: ./run_data/exp2/SNR:3.73-Run:18clb6jn/output_0.png  us
ed on input line 322.
(pdftex.def)             Requested size: 120.45044pt x 40.14891pt.

LaTeX Warning: `!h' float specifier changed to `!ht'.

File: ./run_data/exp2/SNR:3.73-Run:18clb6jn/output_0.png Graphic file (type png
)
<use ./run_data/exp2/SNR:3.73-Run:18clb6jn/output_0.png>
Package pdftex.def Info: ./run_data/exp2/SNR:3.73-Run:18clb6jn/output_0.png  us
ed on input line 331.
(pdftex.def)             Requested size: 120.45044pt x 40.14891pt.

LaTeX Warning: `!h' float specifier changed to `!ht'.

File: ./run_data/exp2/SNR:3.73-Run:18clb6jn/output_0.png Graphic file (type png
)
<use ./run_data/exp2/SNR:3.73-Run:18clb6jn/output_0.png>
Package pdftex.def Info: ./run_data/exp2/SNR:3.73-Run:18clb6jn/output_0.png  us
ed on input line 340.
(pdftex.def)             Requested size: 120.45044pt x 40.14891pt.

LaTeX Warning: `!h' float specifier changed to `!ht'.

File: ./run_data/exp2/SNR:3.73-Run:18clb6jn/output_0.png Graphic file (type png
)
<use ./run_data/exp2/SNR:3.73-Run:18clb6jn/output_0.png>
Package pdftex.def Info: ./run_data/exp2/SNR:3.73-Run:18clb6jn/output_0.png  us
ed on input line 349.
(pdftex.def)             Requested size: 120.45044pt x 40.14891pt.

LaTeX Warning: `!h' float specifier changed to `!ht'.

File: ./run_data/exp2/SNR:3.73-Run:18clb6jn/output_0.png Graphic file (type png
)
<use ./run_data/exp2/SNR:3.73-Run:18clb6jn/output_0.png>
Package pdftex.def Info: ./run_data/exp2/SNR:3.73-Run:18clb6jn/output_0.png  us
ed on input line 358.
(pdftex.def)             Requested size: 120.45044pt x 40.14891pt.

LaTeX Warning: `!h' float specifier changed to `!ht'.

File: ./run_data/exp2/SNR:3.73-Run:18clb6jn/output_0.png Graphic file (type png
)
<use ./run_data/exp2/SNR:3.73-Run:18clb6jn/output_0.png>
Package pdftex.def Info: ./run_data/exp2/SNR:3.73-Run:18clb6jn/output_0.png  us
ed on input line 367.
(pdftex.def)             Requested size: 120.45044pt x 40.14891pt.

LaTeX Warning: `!h' float specifier changed to `!ht'.

File: ./run_data/exp2/SNR:3.73-Run:18clb6jn/output_0.png Graphic file (type png
)
<use ./run_data/exp2/SNR:3.73-Run:18clb6jn/output_0.png>
Package pdftex.def Info: ./run_data/exp2/SNR:3.73-Run:18clb6jn/output_0.png  us
ed on input line 376.
(pdftex.def)             Requested size: 120.45044pt x 40.14891pt.

LaTeX Warning: `!h' float specifier changed to `!ht'.

<./run_data/exp2/SNR:3.73-Run:fmfer9ur/output_0.png, id=6, 867.24pt x 289.08pt>

File: ./run_data/exp2/SNR:3.73-Run:fmfer9ur/output_0.png Graphic file (type png
)
<use ./run_data/exp2/SNR:3.73-Run:fmfer9ur/output_0.png>
Package pdftex.def Info: ./run_data/exp2/SNR:3.73-Run:fmfer9ur/output_0.png  us
ed on input line 385.
(pdftex.def)             Requested size: 120.45044pt x 40.14891pt.

LaTeX Warning: `!h' float specifier changed to `!ht'.

File: ./run_data/exp2/SNR:3.73-Run:fmfer9ur/output_0.png Graphic file (type png
)
<use ./run_data/exp2/SNR:3.73-Run:fmfer9ur/output_0.png>
Package pdftex.def Info: ./run_data/exp2/SNR:3.73-Run:fmfer9ur/output_0.png  us
ed on input line 394.
(pdftex.def)             Requested size: 120.45044pt x 40.14891pt.

LaTeX Warning: `!h' float specifier changed to `!ht'.

File: ./run_data/exp2/SNR:3.73-Run:fmfer9ur/output_0.png Graphic file (type png
)
<use ./run_data/exp2/SNR:3.73-Run:fmfer9ur/output_0.png>
Package pdftex.def Info: ./run_data/exp2/SNR:3.73-Run:fmfer9ur/output_0.png  us
ed on input line 403.
(pdftex.def)             Requested size: 120.45044pt x 40.14891pt.

LaTeX Warning: `!h' float specifier changed to `!ht'.

File: ./run_data/exp2/SNR:3.73-Run:fmfer9ur/output_0.png Graphic file (type png
)
<use ./run_data/exp2/SNR:3.73-Run:fmfer9ur/output_0.png>
Package pdftex.def Info: ./run_data/exp2/SNR:3.73-Run:fmfer9ur/output_0.png  us
ed on input line 412.
(pdftex.def)             Requested size: 120.45044pt x 40.14891pt.

LaTeX Warning: `!h' float specifier changed to `!ht'.

File: ./run_data/exp2/SNR:3.73-Run:fmfer9ur/output_0.png Graphic file (type png
)
<use ./run_data/exp2/SNR:3.73-Run:fmfer9ur/output_0.png>
Package pdftex.def Info: ./run_data/exp2/SNR:3.73-Run:fmfer9ur/output_0.png  us
ed on input line 421.
(pdftex.def)             Requested size: 120.45044pt x 40.14891pt.

LaTeX Warning: `!h' float specifier changed to `!ht'.

File: ./run_data/exp2/SNR:3.73-Run:fmfer9ur/output_0.png Graphic file (type png
)
<use ./run_data/exp2/SNR:3.73-Run:fmfer9ur/output_0.png>
Package pdftex.def Info: ./run_data/exp2/SNR:3.73-Run:fmfer9ur/output_0.png  us
ed on input line 430.
(pdftex.def)             Requested size: 120.45044pt x 40.14891pt.

LaTeX Warning: `!h' float specifier changed to `!ht'.

File: ./run_data/exp2/SNR:3.73-Run:fmfer9ur/output_0.png Graphic file (type png
)
<use ./run_data/exp2/SNR:3.73-Run:fmfer9ur/output_0.png>
Package pdftex.def Info: ./run_data/exp2/SNR:3.73-Run:fmfer9ur/output_0.png  us
ed on input line 439.
(pdftex.def)             Requested size: 120.45044pt x 40.14891pt.

LaTeX Warning: `!h' float specifier changed to `!ht'.

File: ./run_data/exp2/SNR:3.73-Run:fmfer9ur/output_0.png Graphic file (type png
)
<use ./run_data/exp2/SNR:3.73-Run:fmfer9ur/output_0.png>
Package pdftex.def Info: ./run_data/exp2/SNR:3.73-Run:fmfer9ur/output_0.png  us
ed on input line 448.
(pdftex.def)             Requested size: 120.45044pt x 40.14891pt.

LaTeX Warning: `!h' float specifier changed to `!ht'.

File: ./run_data/exp2/SNR:3.73-Run:fmfer9ur/output_0.png Graphic file (type png
)
<use ./run_data/exp2/SNR:3.73-Run:fmfer9ur/output_0.png>
Package pdftex.def Info: ./run_data/exp2/SNR:3.73-Run:fmfer9ur/output_0.png  us
ed on input line 457.
(pdftex.def)             Requested size: 120.45044pt x 40.14891pt.

LaTeX Warning: `!h' float specifier changed to `!ht'.

File: ./run_data/exp2/SNR:3.73-Run:fmfer9ur/output_0.png Graphic file (type png
)
<use ./run_data/exp2/SNR:3.73-Run:fmfer9ur/output_0.png>
Package pdftex.def Info: ./run_data/exp2/SNR:3.73-Run:fmfer9ur/output_0.png  us
ed on input line 466.
(pdftex.def)             Requested size: 120.45044pt x 40.14891pt.
! Output loop---100 consecutive dead cycles.
\end@float ... \@tempdima \penalty \@floatpenalty 
                                                  \else \vadjust {\penalty -...
l.468 \end{figure}
                  
I've concluded that your \output is awry; it never does a
\shipout, so I'm shipping \box255 out myself. Next time
increase \maxdeadcycles if you want me to be more patient!

[1]
File: ./run_data/exp2/SNR:3.73-Run:fmfer9ur/output_0.png Graphic file (type png
)
<use ./run_data/exp2/SNR:3.73-Run:fmfer9ur/output_0.png>
Package pdftex.def Info: ./run_data/exp2/SNR:3.73-Run:fmfer9ur/output_0.png  us
ed on input line 475.
(pdftex.def)             Requested size: 120.45044pt x 40.14891pt.


LaTeX Warning: `!h' float specifier changed to `!ht'.

File: ./run_data/exp2/SNR:3.73-Run:fmfer9ur/output_0.png Graphic file (type png
)
<use ./run_data/exp2/SNR:3.73-Run:fmfer9ur/output_0.png>
Package pdftex.def Info: ./run_data/exp2/SNR:3.73-Run:fmfer9ur/output_0.png  us
ed on input line 484.
(pdftex.def)             Requested size: 120.45044pt x 40.14891pt.

LaTeX Warning: `!h' float specifier changed to `!ht'.


! LaTeX Error: Too many unprocessed floats.

See the LaTeX manual or LaTeX Companion for explanation.
Type  H <return>  for immediate help.
 ...                                              
                                                  
l.491 \begin{figure}[h!]
                        %
You've lost some text.  Try typing  <return>  to proceed.
If that doesn't work, type  X <return>  to quit.

! Undefined control sequence.
\@xfloat ...@fltovf \fi \global \setbox \@currbox 
                                                  \color@vbox \normalcolor \...
l.491 \begin{figure}[h!]
                        %
The control sequence at the end of the top line
of your error message was never \def'ed. If you have
misspelled it (e.g., `\hobx'), type `I' and the correct
spelling (e.g., `I\hbox'). Otherwise just continue,
and I'll forget about whatever was undefined.

! Missing number, treated as zero.
<to be read again> 
                   \vbox 
l.491 \begin{figure}[h!]
                        %
A number should have been here; I inserted `0'.
(If you can't figure out why I needed to see a number,
look up `weird error' in the index to The TeXbook.)

File: ./run_data/exp2/SNR:3.73-Run:fmfer9ur/output_0.png Graphic file (type png
)
<use ./run_data/exp2/SNR:3.73-Run:fmfer9ur/output_0.png>
Package pdftex.def Info: ./run_data/exp2/SNR:3.73-Run:fmfer9ur/output_0.png  us
ed on input line 493.
(pdftex.def)             Requested size: 120.45044pt x 40.14891pt.
! Undefined control sequence.
\@largefloatcheck ->\ifdim \ht \@currbox 
                                         >\textheight \@tempdima -\textheigh...
l.495 \end{figure}
                  
The control sequence at the end of the top line
of your error message was never \def'ed. If you have
misspelled it (e.g., `\hobx'), type `I' and the correct
spelling (e.g., `I\hbox'). Otherwise just continue,
and I'll forget about whatever was undefined.

! Missing number, treated as zero.
<to be read again> 
                   >
l.495 \end{figure}
                  
A number should have been here; I inserted `0'.
(If you can't figure out why I needed to see a number,
look up `weird error' in the index to The TeXbook.)

! Undefined control sequence.
<argument> \@currbox 
                     
l.495 \end{figure}
                  
The control sequence at the end of the top line
of your error message was never \def'ed. If you have
misspelled it (e.g., `\hobx'), type `I' and the correct
spelling (e.g., `I\hbox'). Otherwise just continue,
and I'll forget about whatever was undefined.


LaTeX Warning: `!h' float specifier changed to `!ht'.


! LaTeX Error: Too many unprocessed floats.

See the LaTeX manual or LaTeX Companion for explanation.
Type  H <return>  for immediate help.
 ...                                              
                                                  
l.500 \begin{figure}[h!]
                        %
You've lost some text.  Try typing  <return>  to proceed.
If that doesn't work, type  X <return>  to quit.

! Undefined control sequence.
\@xfloat ...@fltovf \fi \global \setbox \@currbox 
                                                  \color@vbox \normalcolor \...
l.500 \begin{figure}[h!]
                        %
The control sequence at the end of the top line
of your error message was never \def'ed. If you have
misspelled it (e.g., `\hobx'), type `I' and the correct
spelling (e.g., `I\hbox'). Otherwise just continue,
and I'll forget about whatever was undefined.

! Missing number, treated as zero.
<to be read again> 
                   \vbox 
l.500 \begin{figure}[h!]
                        %
A number should have been here; I inserted `0'.
(If you can't figure out why I needed to see a number,
look up `weird error' in the index to The TeXbook.)

File: ./run_data/exp2/SNR:3.73-Run:fmfer9ur/output_0.png Graphic file (type png
)
<use ./run_data/exp2/SNR:3.73-Run:fmfer9ur/output_0.png>
Package pdftex.def Info: ./run_data/exp2/SNR:3.73-Run:fmfer9ur/output_0.png  us
ed on input line 502.
(pdftex.def)             Requested size: 120.45044pt x 40.14891pt.
! Undefined control sequence.
\@largefloatcheck ->\ifdim \ht \@currbox 
                                         >\textheight \@tempdima -\textheigh...
l.504 \end{figure}
                  
The control sequence at the end of the top line
of your error message was never \def'ed. If you have
misspelled it (e.g., `\hobx'), type `I' and the correct
spelling (e.g., `I\hbox'). Otherwise just continue,
and I'll forget about whatever was undefined.

! Missing number, treated as zero.
<to be read again> 
                   >
l.504 \end{figure}
                  
A number should have been here; I inserted `0'.
(If you can't figure out why I needed to see a number,
look up `weird error' in the index to The TeXbook.)

! Undefined control sequence.
<argument> \@currbox 
                     
l.504 \end{figure}
                  
The control sequence at the end of the top line
of your error message was never \def'ed. If you have
misspelled it (e.g., `\hobx'), type `I' and the correct
spelling (e.g., `I\hbox'). Otherwise just continue,
and I'll forget about whatever was undefined.

! Missing number, treated as zero.
<to be read again> 
                   \@elt 
l.504 \end{figure}
                  
A number should have been here; I inserted `0'.
(If you can't figure out why I needed to see a number,
look up `weird error' in the index to The TeXbook.)

! Missing = inserted for \ifnum.
<to be read again> 
                   \@elt 
l.504 \end{figure}
                  
I was expecting to see `<', `=', or `>'. Didn't.

! Missing number, treated as zero.
<to be read again> 
                   \@elt 
l.504 \end{figure}
                  
A number should have been here; I inserted `0'.
(If you can't figure out why I needed to see a number,
look up `weird error' in the index to The TeXbook.)


! LaTeX Error: This may be a LaTeX bug.

See the LaTeX manual or LaTeX Companion for explanation.
Type  H <return>  for immediate help.
 ...                                              
                                                  
l.504 \end{figure}
                  
Call for help

! Undefined control sequence.
\@addmarginpar ...advance \@tempdima \ht \@marbox 
                                                  \ifdim \@tempdima >\z@ \@l...
l.504 \end{figure}
                  
The control sequence at the end of the top line
of your error message was never \def'ed. If you have
misspelled it (e.g., `\hobx'), type `I' and the correct
spelling (e.g., `I\hbox'). Otherwise just continue,
and I'll forget about whatever was undefined.

! Bad register code (-45315873).
\@addmarginpar ...e \space moved}\else \@tempdima 
                                                  \z@ \fi \global \@mparbott...
l.504 \end{figure}
                  
A register number must be between 0 and 32767.
I changed this one to zero.

! Missing number, treated as zero.
<to be read again> 
                   \global 
l.504 \end{figure}
                  
A number should have been here; I inserted `0'.
(If you can't figure out why I needed to see a number,
look up `weird error' in the index to The TeXbook.)

! Illegal unit of measure (pt inserted).
<to be read again> 
                   \global 
l.504 \end{figure}
                  
Dimensions can be in units of em, ex, in, pt, pc,
cm, mm, dd, cc, nd, nc, bp, or sp; but yours is a new one!
I'll assume that you meant to say pt, for printer's points.
To recover gracefully from this error, it's best to
delete the erroneous units; e.g., type `2' to delete
two letters. (See Chapter 27 of The TeXbook.)

! Undefined control sequence.
\@addmarginpar ...vance \@mparbottom \dp \@marbox 
                                                  \global \advance \@mparbot...
l.504 \end{figure}
                  
The control sequence at the end of the top line
of your error message was never \def'ed. If you have
misspelled it (e.g., `\hobx'), type `I' and the correct
spelling (e.g., `I\hbox'). Otherwise just continue,
and I'll forget about whatever was undefined.

! Missing number, treated as zero.
<to be read again> 
                   \global 
l.504 \end{figure}
                  
A number should have been here; I inserted `0'.
(If you can't figure out why I needed to see a number,
look up `weird error' in the index to The TeXbook.)

! Undefined control sequence.
\@addmarginpar ...dvance \@tempdima -\ht \@marbox 
                                                  \global \setbox \@marbox \...
l.504 \end{figure}
                  
The control sequence at the end of the top line
of your error message was never \def'ed. If you have
misspelled it (e.g., `\hobx'), type `I' and the correct
spelling (e.g., `I\hbox'). Otherwise just continue,
and I'll forget about whatever was undefined.

! Missing number, treated as zero.
<to be read again> 
                   \global 
l.504 \end{figure}
                  
A number should have been here; I inserted `0'.
(If you can't figure out why I needed to see a number,
look up `weird error' in the index to The TeXbook.)

! Undefined control sequence.
\@addmarginpar ...marbox \global \setbox \@marbox 
                                                  \vbox {\vskip \@tempdima \...
l.504 \end{figure}
                  
The control sequence at the end of the top line
of your error message was never \def'ed. If you have
misspelled it (e.g., `\hobx'), type `I' and the correct
spelling (e.g., `I\hbox'). Otherwise just continue,
and I'll forget about whatever was undefined.

! Missing number, treated as zero.
<to be read again> 
                   \vbox 
l.504 \end{figure}
                  
A number should have been here; I inserted `0'.
(If you can't figure out why I needed to see a number,
look up `weird error' in the index to The TeXbook.)

! Undefined control sequence.
\@addmarginpar ...\vskip \@tempdima \box \@marbox 
                                                  }\global \ht \@marbox \z@ ...
l.504 \end{figure}
                  
The control sequence at the end of the top line
of your error message was never \def'ed. If you have
misspelled it (e.g., `\hobx'), type `I' and the correct
spelling (e.g., `I\hbox'). Otherwise just continue,
and I'll forget about whatever was undefined.

! Missing number, treated as zero.
<to be read again> 
                   }
l.504 \end{figure}
                  
A number should have been here; I inserted `0'.
(If you can't figure out why I needed to see a number,
look up `weird error' in the index to The TeXbook.)

! Undefined control sequence.
\@addmarginpar ... \@marbox }\global \ht \@marbox 
                                                  \z@ \global \dp \@marbox \...
l.504 \end{figure}
                  
The control sequence at the end of the top line
of your error message was never \def'ed. If you have
misspelled it (e.g., `\hobx'), type `I' and the correct
spelling (e.g., `I\hbox'). Otherwise just continue,
and I'll forget about whatever was undefined.

! Missing number, treated as zero.
<to be read again> 
                   \global 
l.504 \end{figure}
                  
A number should have been here; I inserted `0'.
(If you can't figure out why I needed to see a number,
look up `weird error' in the index to The TeXbook.)

! Illegal unit of measure (pt inserted).
<to be read again> 
                   \global 
l.504 \end{figure}
                  
Dimensions can be in units of em, ex, in, pt, pc,
cm, mm, dd, cc, nd, nc, bp, or sp; but yours is a new one!
I'll assume that you meant to say pt, for printer's points.
To recover gracefully from this error, it's best to
delete the erroneous units; e.g., type `2' to delete
two letters. (See Chapter 27 of The TeXbook.)

! Undefined control sequence.
\@addmarginpar ...marbox \z@ \global \dp \@marbox 
                                                  \z@ \kern -\@pagedp \noint...
l.504 \end{figure}
                  
The control sequence at the end of the top line
of your error message was never \def'ed. If you have
misspelled it (e.g., `\hobx'), type `I' and the correct
spelling (e.g., `I\hbox'). Otherwise just continue,
and I'll forget about whatever was undefined.

! Missing number, treated as zero.
<to be read again> 
                   \kern 
l.504 \end{figure}
                  
A number should have been here; I inserted `0'.
(If you can't figure out why I needed to see a number,
look up `weird error' in the index to The TeXbook.)

! Illegal unit of measure (pt inserted).
<to be read again> 
                   \kern 
l.504 \end{figure}
                  
Dimensions can be in units of em, ex, in, pt, pc,
cm, mm, dd, cc, nd, nc, bp, or sp; but yours is a new one!
I'll assume that you meant to say pt, for printer's points.
To recover gracefully from this error, it's best to
delete the erroneous units; e.g., type `2' to delete
two letters. (See Chapter 27 of The TeXbook.)

! Undefined control sequence.
\@addmarginpar ...arginparwidth \fi \box \@marbox 
                                                  \hss }\nointerlineskip \hb...
l.504 \end{figure}
                  
The control sequence at the end of the top line
of your error message was never \def'ed. If you have
misspelled it (e.g., `\hobx'), type `I' and the correct
spelling (e.g., `I\hbox'). Otherwise just continue,
and I'll forget about whatever was undefined.

! Missing number, treated as zero.
<to be read again> 
                   \hss 
l.504 \end{figure}
                  
A number should have been here; I inserted `0'.
(If you can't figure out why I needed to see a number,
look up `weird error' in the index to The TeXbook.)


! LaTeX Error: Too many unprocessed floats.

See the LaTeX manual or LaTeX Companion for explanation.
Type  H <return>  for immediate help.
 ...                                              
                                                  
l.509 \begin{figure}[h!]
                        %
You've lost some text.  Try typing  <return>  to proceed.
If that doesn't work, type  X <return>  to quit.

! Undefined control sequence.
\@xfloat ...@fltovf \fi \global \setbox \@currbox 
                                                  \color@vbox \normalcolor \...
l.509 \begin{figure}[h!]
                        %
The control sequence at the end of the top line
of your error message was never \def'ed. If you have
misspelled it (e.g., `\hobx'), type `I' and the correct
spelling (e.g., `I\hbox'). Otherwise just continue,
and I'll forget about whatever was undefined.

! Missing number, treated as zero.
<to be read again> 
                   \vbox 
l.509 \begin{figure}[h!]
                        %
A number should have been here; I inserted `0'.
(If you can't figure out why I needed to see a number,
look up `weird error' in the index to The TeXbook.)

File: ./run_data/exp2/SNR:3.73-Run:fmfer9ur/output_0.png Graphic file (type png
)
<use ./run_data/exp2/SNR:3.73-Run:fmfer9ur/output_0.png>
Package pdftex.def Info: ./run_data/exp2/SNR:3.73-Run:fmfer9ur/output_0.png  us
ed on input line 511.
(pdftex.def)             Requested size: 120.45044pt x 40.14891pt.
! Undefined control sequence.
\@largefloatcheck ->\ifdim \ht \@currbox 
                                         >\textheight \@tempdima -\textheigh...
l.513 \end{figure}
                  
The control sequence at the end of the top line
of your error message was never \def'ed. If you have
misspelled it (e.g., `\hobx'), type `I' and the correct
spelling (e.g., `I\hbox'). Otherwise just continue,
and I'll forget about whatever was undefined.

! Missing number, treated as zero.
<to be read again> 
                   >
l.513 \end{figure}
                  
A number should have been here; I inserted `0'.
(If you can't figure out why I needed to see a number,
look up `weird error' in the index to The TeXbook.)

! Undefined control sequence.
<argument> \@currbox 
                     
l.513 \end{figure}
                  
The control sequence at the end of the top line
of your error message was never \def'ed. If you have
misspelled it (e.g., `\hobx'), type `I' and the correct
spelling (e.g., `I\hbox'). Otherwise just continue,
and I'll forget about whatever was undefined.

! Argument of \@xnext has an extra }.
<inserted text> 
                \par 
l.513 \end{figure}
                  
I've run across a `}' that doesn't seem to match anything.
For example, `\def\a#1{...}' and `\a}' would produce
this error. If you simply proceed now, the `\par' that
I've just inserted will cause me to report a runaway
argument that might be the root of the problem. But if
your `}' was spurious, just type `2' and it will go away.

Runaway argument?
\@currbox \@currlist \ifnum \count \@currbox >\z@ \advance \@pageht \@pagedp \E
TC.
! Paragraph ended before \@xnext was complete.
<to be read again> 
                   \par 
l.513 \end{figure}
                  
I suspect you've forgotten a `}', causing me to apply this
control sequence to too much text. How can we recover?
My plan is to forget the whole thing and hope for the best.

! Extra \else.
\end@float ...pdima \penalty \@floatpenalty \else 
                                                  \vadjust {\penalty -\@Miv ...
l.513 \end{figure}
                  
I'm ignoring this; it doesn't match any \if.

! You can't use `\vadjust' in vertical mode.
\end@float ...nalty \@floatpenalty \else \vadjust 
                                                  {\penalty -\@Miv \vbox {}\...
l.513 \end{figure}
                  
Sorry, but I'm not programmed to handle this case;
I'll just pretend that you didn't ask for it.
If you're in the wrong mode, you might be able to
return to the right one by typing `I}' or `I$' or `I\par'.

! Argument of \@xnext has an extra }.
<inserted text> 
                \par 
l.513 \end{figure}
                  
I've run across a `}' that doesn't seem to match anything.
For example, `\def\a#1{...}' and `\a}' would produce
this error. If you simply proceed now, the `\par' that
I've just inserted will cause me to report a runaway
argument that might be the root of the problem. But if
your `}' was spurious, just type `2' and it will go away.

Runaway argument?
\@currbox \@currlist \ifnum \count \@currbox >\z@ \advance \@pageht \@pagedp \E
TC.
! Paragraph ended before \@xnext was complete.
<to be read again> 
                   \par 
l.513 \end{figure}
                  
I suspect you've forgotten a `}', causing me to apply this
control sequence to too much text. How can we recover?
My plan is to forget the whole thing and hope for the best.


! LaTeX Error: Too many unprocessed floats.

See the LaTeX manual or LaTeX Companion for explanation.
Type  H <return>  for immediate help.
 ...                                              
                                                  
l.518 \begin{figure}[h!]
                        %
You've lost some text.  Try typing  <return>  to proceed.
If that doesn't work, type  X <return>  to quit.

! Undefined control sequence.
\@xfloat ...@fltovf \fi \global \setbox \@currbox 
                                                  \color@vbox \normalcolor \...
l.518 \begin{figure}[h!]
                        %
The control sequence at the end of the top line
of your error message was never \def'ed. If you have
misspelled it (e.g., `\hobx'), type `I' and the correct
spelling (e.g., `I\hbox'). Otherwise just continue,
and I'll forget about whatever was undefined.

! Missing number, treated as zero.
<to be read again> 
                   \vbox 
l.518 \begin{figure}[h!]
                        %
A number should have been here; I inserted `0'.
(If you can't figure out why I needed to see a number,
look up `weird error' in the index to The TeXbook.)

File: ./run_data/exp2/SNR:3.73-Run:fmfer9ur/output_0.png Graphic file (type png
)
<use ./run_data/exp2/SNR:3.73-Run:fmfer9ur/output_0.png>
Package pdftex.def Info: ./run_data/exp2/SNR:3.73-Run:fmfer9ur/output_0.png  us
ed on input line 520.
(pdftex.def)             Requested size: 120.45044pt x 40.14891pt.
! Undefined control sequence.
\@largefloatcheck ->\ifdim \ht \@currbox 
                                         >\textheight \@tempdima -\textheigh...
l.522 \end{figure}
                  
The control sequence at the end of the top line
of your error message was never \def'ed. If you have
misspelled it (e.g., `\hobx'), type `I' and the correct
spelling (e.g., `I\hbox'). Otherwise just continue,
and I'll forget about whatever was undefined.

! Missing number, treated as zero.
<to be read again> 
                   >
l.522 \end{figure}
                  
A number should have been here; I inserted `0'.
(If you can't figure out why I needed to see a number,
look up `weird error' in the index to The TeXbook.)

! Undefined control sequence.
<argument> \@currbox 
                     
l.522 \end{figure}
                  
The control sequence at the end of the top line
of your error message was never \def'ed. If you have
misspelled it (e.g., `\hobx'), type `I' and the correct
spelling (e.g., `I\hbox'). Otherwise just continue,
and I'll forget about whatever was undefined.

! Missing number, treated as zero.
<to be read again> 
                   \@elt 
l.522 \end{figure}
                  
A number should have been here; I inserted `0'.
(If you can't figure out why I needed to see a number,
look up `weird error' in the index to The TeXbook.)

! Missing = inserted for \ifnum.
<to be read again> 
                   \@elt 
l.522 \end{figure}
                  
I was expecting to see `<', `=', or `>'. Didn't.

! Missing number, treated as zero.
<to be read again> 
                   \@elt 
l.522 \end{figure}
                  
A number should have been here; I inserted `0'.
(If you can't figure out why I needed to see a number,
look up `weird error' in the index to The TeXbook.)


! LaTeX Error: This may be a LaTeX bug.

See the LaTeX manual or LaTeX Companion for explanation.
Type  H <return>  for immediate help.
 ...                                              
                                                  
l.522 \end{figure}
                  
Call for help

! Undefined control sequence.
\@addmarginpar ...advance \@tempdima \ht \@marbox 
                                                  \ifdim \@tempdima >\z@ \@l...
l.522 \end{figure}
                  
The control sequence at the end of the top line
of your error message was never \def'ed. If you have
misspelled it (e.g., `\hobx'), type `I' and the correct
spelling (e.g., `I\hbox'). Otherwise just continue,
and I'll forget about whatever was undefined.

! Bad register code (-40787772).
\@addmarginpar ...e \space moved}\else \@tempdima 
                                                  \z@ \fi \global \@mparbott...
l.522 \end{figure}
                  
A register number must be between 0 and 32767.
I changed this one to zero.

! Missing number, treated as zero.
<to be read again> 
                   \global 
l.522 \end{figure}
                  
A number should have been here; I inserted `0'.
(If you can't figure out why I needed to see a number,
look up `weird error' in the index to The TeXbook.)

! Illegal unit of measure (pt inserted).
<to be read again> 
                   \global 
l.522 \end{figure}
                  
Dimensions can be in units of em, ex, in, pt, pc,
cm, mm, dd, cc, nd, nc, bp, or sp; but yours is a new one!
I'll assume that you meant to say pt, for printer's points.
To recover gracefully from this error, it's best to
delete the erroneous units; e.g., type `2' to delete
two letters. (See Chapter 27 of The TeXbook.)

! Undefined control sequence.
\@addmarginpar ...vance \@mparbottom \dp \@marbox 
                                                  \global \advance \@mparbot...
l.522 \end{figure}
                  
The control sequence at the end of the top line
of your error message was never \def'ed. If you have
misspelled it (e.g., `\hobx'), type `I' and the correct
spelling (e.g., `I\hbox'). Otherwise just continue,
and I'll forget about whatever was undefined.

! Missing number, treated as zero.
<to be read again> 
                   \global 
l.522 \end{figure}
                  
A number should have been here; I inserted `0'.
(If you can't figure out why I needed to see a number,
look up `weird error' in the index to The TeXbook.)

! Undefined control sequence.
\@addmarginpar ...dvance \@tempdima -\ht \@marbox 
                                                  \global \setbox \@marbox \...
l.522 \end{figure}
                  
The control sequence at the end of the top line
of your error message was never \def'ed. If you have
misspelled it (e.g., `\hobx'), type `I' and the correct
spelling (e.g., `I\hbox'). Otherwise just continue,
and I'll forget about whatever was undefined.

! Missing number, treated as zero.
<to be read again> 
                   \global 
l.522 \end{figure}
                  
A number should have been here; I inserted `0'.
(If you can't figure out why I needed to see a number,
look up `weird error' in the index to The TeXbook.)

! Undefined control sequence.
\@addmarginpar ...marbox \global \setbox \@marbox 
                                                  \vbox {\vskip \@tempdima \...
l.522 \end{figure}
                  
The control sequence at the end of the top line
of your error message was never \def'ed. If you have
misspelled it (e.g., `\hobx'), type `I' and the correct
spelling (e.g., `I\hbox'). Otherwise just continue,
and I'll forget about whatever was undefined.

! Missing number, treated as zero.
<to be read again> 
                   \vbox 
l.522 \end{figure}
                  
A number should have been here; I inserted `0'.
(If you can't figure out why I needed to see a number,
look up `weird error' in the index to The TeXbook.)

! Undefined control sequence.
\@addmarginpar ...\vskip \@tempdima \box \@marbox 
                                                  }\global \ht \@marbox \z@ ...
l.522 \end{figure}
                  
The control sequence at the end of the top line
of your error message was never \def'ed. If you have
misspelled it (e.g., `\hobx'), type `I' and the correct
spelling (e.g., `I\hbox'). Otherwise just continue,
and I'll forget about whatever was undefined.

! Missing number, treated as zero.
<to be read again> 
                   }
l.522 \end{figure}
                  
A number should have been here; I inserted `0'.
(If you can't figure out why I needed to see a number,
look up `weird error' in the index to The TeXbook.)

! Undefined control sequence.
\@addmarginpar ... \@marbox }\global \ht \@marbox 
                                                  \z@ \global \dp \@marbox \...
l.522 \end{figure}
                  
The control sequence at the end of the top line
of your error message was never \def'ed. If you have
misspelled it (e.g., `\hobx'), type `I' and the correct
spelling (e.g., `I\hbox'). Otherwise just continue,
and I'll forget about whatever was undefined.

! Missing number, treated as zero.
<to be read again> 
                   \global 
l.522 \end{figure}
                  
A number should have been here; I inserted `0'.
(If you can't figure out why I needed to see a number,
look up `weird error' in the index to The TeXbook.)

! Illegal unit of measure (pt inserted).
<to be read again> 
                   \global 
l.522 \end{figure}
                  
Dimensions can be in units of em, ex, in, pt, pc,
cm, mm, dd, cc, nd, nc, bp, or sp; but yours is a new one!
I'll assume that you meant to say pt, for printer's points.
To recover gracefully from this error, it's best to
delete the erroneous units; e.g., type `2' to delete
two letters. (See Chapter 27 of The TeXbook.)

! Undefined control sequence.
\@addmarginpar ...marbox \z@ \global \dp \@marbox 
                                                  \z@ \kern -\@pagedp \noint...
l.522 \end{figure}
                  
The control sequence at the end of the top line
of your error message was never \def'ed. If you have
misspelled it (e.g., `\hobx'), type `I' and the correct
spelling (e.g., `I\hbox'). Otherwise just continue,
and I'll forget about whatever was undefined.

! Missing number, treated as zero.
<to be read again> 
                   \kern 
l.522 \end{figure}
                  
A number should have been here; I inserted `0'.
(If you can't figure out why I needed to see a number,
look up `weird error' in the index to The TeXbook.)

! Illegal unit of measure (pt inserted).
<to be read again> 
                   \kern 
l.522 \end{figure}
                  
Dimensions can be in units of em, ex, in, pt, pc,
cm, mm, dd, cc, nd, nc, bp, or sp; but yours is a new one!
I'll assume that you meant to say pt, for printer's points.
To recover gracefully from this error, it's best to
delete the erroneous units; e.g., type `2' to delete
two letters. (See Chapter 27 of The TeXbook.)

! Undefined control sequence.
\@addmarginpar ...arginparwidth \fi \box \@marbox 
                                                  \hss }\nointerlineskip \hb...
l.522 \end{figure}
                  
The control sequence at the end of the top line
of your error message was never \def'ed. If you have
misspelled it (e.g., `\hobx'), type `I' and the correct
spelling (e.g., `I\hbox'). Otherwise just continue,
and I'll forget about whatever was undefined.

! Missing number, treated as zero.
<to be read again> 
                   \hss 
l.522 \end{figure}
                  
A number should have been here; I inserted `0'.
(If you can't figure out why I needed to see a number,
look up `weird error' in the index to The TeXbook.)


! LaTeX Error: Too many unprocessed floats.

See the LaTeX manual or LaTeX Companion for explanation.
Type  H <return>  for immediate help.
 ...                                              
                                                  
l.527 \begin{figure}[h!]
                        %
You've lost some text.  Try typing  <return>  to proceed.
If that doesn't work, type  X <return>  to quit.

! Undefined control sequence.
\@xfloat ...@fltovf \fi \global \setbox \@currbox 
                                                  \color@vbox \normalcolor \...
l.527 \begin{figure}[h!]
                        %
The control sequence at the end of the top line
of your error message was never \def'ed. If you have
misspelled it (e.g., `\hobx'), type `I' and the correct
spelling (e.g., `I\hbox'). Otherwise just continue,
and I'll forget about whatever was undefined.

! Missing number, treated as zero.
<to be read again> 
                   \vbox 
l.527 \begin{figure}[h!]
                        %
A number should have been here; I inserted `0'.
(If you can't figure out why I needed to see a number,
look up `weird error' in the index to The TeXbook.)

File: ./run_data/exp2/SNR:3.73-Run:fmfer9ur/output_0.png Graphic file (type png
)
<use ./run_data/exp2/SNR:3.73-Run:fmfer9ur/output_0.png>
Package pdftex.def Info: ./run_data/exp2/SNR:3.73-Run:fmfer9ur/output_0.png  us
ed on input line 529.
(pdftex.def)             Requested size: 120.45044pt x 40.14891pt.
! Undefined control sequence.
\@largefloatcheck ->\ifdim \ht \@currbox 
                                         >\textheight \@tempdima -\textheigh...
l.531 \end{figure}
                  
The control sequence at the end of the top line
of your error message was never \def'ed. If you have
misspelled it (e.g., `\hobx'), type `I' and the correct
spelling (e.g., `I\hbox'). Otherwise just continue,
and I'll forget about whatever was undefined.

! Missing number, treated as zero.
<to be read again> 
                   >
l.531 \end{figure}
                  
A number should have been here; I inserted `0'.
(If you can't figure out why I needed to see a number,
look up `weird error' in the index to The TeXbook.)

! Undefined control sequence.
<argument> \@currbox 
                     
l.531 \end{figure}
                  
The control sequence at the end of the top line
of your error message was never \def'ed. If you have
misspelled it (e.g., `\hobx'), type `I' and the correct
spelling (e.g., `I\hbox'). Otherwise just continue,
and I'll forget about whatever was undefined.

! Argument of \@xnext has an extra }.
<inserted text> 
                \par 
l.531 \end{figure}
                  
I've run across a `}' that doesn't seem to match anything.
For example, `\def\a#1{...}' and `\a}' would produce
this error. If you simply proceed now, the `\par' that
I've just inserted will cause me to report a runaway
argument that might be the root of the problem. But if
your `}' was spurious, just type `2' and it will go away.

Runaway argument?
\@currbox \@currlist \ifnum \count \@currbox >\z@ \advance \@pageht \@pagedp \E
TC.
! Paragraph ended before \@xnext was complete.
<to be read again> 
                   \par 
l.531 \end{figure}
                  
I suspect you've forgotten a `}', causing me to apply this
control sequence to too much text. How can we recover?
My plan is to forget the whole thing and hope for the best.

! Extra \else.
\end@float ...pdima \penalty \@floatpenalty \else 
                                                  \vadjust {\penalty -\@Miv ...
l.531 \end{figure}
                  
I'm ignoring this; it doesn't match any \if.

! You can't use `\vadjust' in vertical mode.
\end@float ...nalty \@floatpenalty \else \vadjust 
                                                  {\penalty -\@Miv \vbox {}\...
l.531 \end{figure}
                  
Sorry, but I'm not programmed to handle this case;
I'll just pretend that you didn't ask for it.
If you're in the wrong mode, you might be able to
return to the right one by typing `I}' or `I$' or `I\par'.

! Argument of \@xnext has an extra }.
<inserted text> 
                \par 
l.531 \end{figure}
                  
I've run across a `}' that doesn't seem to match anything.
For example, `\def\a#1{...}' and `\a}' would produce
this error. If you simply proceed now, the `\par' that
I've just inserted will cause me to report a runaway
argument that might be the root of the problem. But if
your `}' was spurious, just type `2' and it will go away.

Runaway argument?
\@currbox \@currlist \ifnum \count \@currbox >\z@ \advance \@pageht \@pagedp \E
TC.
! Paragraph ended before \@xnext was complete.
<to be read again> 
                   \par 
l.531 \end{figure}
                  
I suspect you've forgotten a `}', causing me to apply this
control sequence to too much text. How can we recover?
My plan is to forget the whole thing and hope for the best.


! LaTeX Error: Too many unprocessed floats.

See the LaTeX manual or LaTeX Companion for explanation.
Type  H <return>  for immediate help.
 ...                                              
                                                  
l.536 \begin{figure}[h!]
                        %
You've lost some text.  Try typing  <return>  to proceed.
If that doesn't work, type  X <return>  to quit.

! Undefined control sequence.
\@xfloat ...@fltovf \fi \global \setbox \@currbox 
                                                  \color@vbox \normalcolor \...
l.536 \begin{figure}[h!]
                        %
The control sequence at the end of the top line
of your error message was never \def'ed. If you have
misspelled it (e.g., `\hobx'), type `I' and the correct
spelling (e.g., `I\hbox'). Otherwise just continue,
and I'll forget about whatever was undefined.

! Missing number, treated as zero.
<to be read again> 
                   \vbox 
l.536 \begin{figure}[h!]
                        %
A number should have been here; I inserted `0'.
(If you can't figure out why I needed to see a number,
look up `weird error' in the index to The TeXbook.)

File: ./run_data/exp2/SNR:3.73-Run:fmfer9ur/output_0.png Graphic file (type png
)
<use ./run_data/exp2/SNR:3.73-Run:fmfer9ur/output_0.png>
Package pdftex.def Info: ./run_data/exp2/SNR:3.73-Run:fmfer9ur/output_0.png  us
ed on input line 538.
(pdftex.def)             Requested size: 120.45044pt x 40.14891pt.
! Undefined control sequence.
\@largefloatcheck ->\ifdim \ht \@currbox 
                                         >\textheight \@tempdima -\textheigh...
l.540 \end{figure}
                  
The control sequence at the end of the top line
of your error message was never \def'ed. If you have
misspelled it (e.g., `\hobx'), type `I' and the correct
spelling (e.g., `I\hbox'). Otherwise just continue,
and I'll forget about whatever was undefined.

! Missing number, treated as zero.
<to be read again> 
                   >
l.540 \end{figure}
                  
A number should have been here; I inserted `0'.
(If you can't figure out why I needed to see a number,
look up `weird error' in the index to The TeXbook.)

! Undefined control sequence.
<argument> \@currbox 
                     
l.540 \end{figure}
                  
The control sequence at the end of the top line
of your error message was never \def'ed. If you have
misspelled it (e.g., `\hobx'), type `I' and the correct
spelling (e.g., `I\hbox'). Otherwise just continue,
and I'll forget about whatever was undefined.

! Missing number, treated as zero.
<to be read again> 
                   \@elt 
l.540 \end{figure}
                  
A number should have been here; I inserted `0'.
(If you can't figure out why I needed to see a number,
look up `weird error' in the index to The TeXbook.)

! Missing = inserted for \ifnum.
<to be read again> 
                   \@elt 
l.540 \end{figure}
                  
I was expecting to see `<', `=', or `>'. Didn't.

! Missing number, treated as zero.
<to be read again> 
                   \@elt 
l.540 \end{figure}
                  
A number should have been here; I inserted `0'.
(If you can't figure out why I needed to see a number,
look up `weird error' in the index to The TeXbook.)


! LaTeX Error: This may be a LaTeX bug.

See the LaTeX manual or LaTeX Companion for explanation.
Type  H <return>  for immediate help.
 ...                                              
                                                  
l.540 \end{figure}
                  
Call for help

! Undefined control sequence.
\@addmarginpar ...advance \@tempdima \ht \@marbox 
                                                  \ifdim \@tempdima >\z@ \@l...
l.540 \end{figure}
                  
The control sequence at the end of the top line
of your error message was never \def'ed. If you have
misspelled it (e.g., `\hobx'), type `I' and the correct
spelling (e.g., `I\hbox'). Otherwise just continue,
and I'll forget about whatever was undefined.

! Bad register code (-36259671).
\@addmarginpar ...e \space moved}\else \@tempdima 
                                                  \z@ \fi \global \@mparbott...
l.540 \end{figure}
                  
A register number must be between 0 and 32767.
I changed this one to zero.

! Missing number, treated as zero.
<to be read again> 
                   \global 
l.540 \end{figure}
                  
A number should have been here; I inserted `0'.
(If you can't figure out why I needed to see a number,
look up `weird error' in the index to The TeXbook.)

! Illegal unit of measure (pt inserted).
<to be read again> 
                   \global 
l.540 \end{figure}
                  
Dimensions can be in units of em, ex, in, pt, pc,
cm, mm, dd, cc, nd, nc, bp, or sp; but yours is a new one!
I'll assume that you meant to say pt, for printer's points.
To recover gracefully from this error, it's best to
delete the erroneous units; e.g., type `2' to delete
two letters. (See Chapter 27 of The TeXbook.)

! Undefined control sequence.
\@addmarginpar ...vance \@mparbottom \dp \@marbox 
                                                  \global \advance \@mparbot...
l.540 \end{figure}
                  
The control sequence at the end of the top line
of your error message was never \def'ed. If you have
misspelled it (e.g., `\hobx'), type `I' and the correct
spelling (e.g., `I\hbox'). Otherwise just continue,
and I'll forget about whatever was undefined.

! Missing number, treated as zero.
<to be read again> 
                   \global 
l.540 \end{figure}
                  
A number should have been here; I inserted `0'.
(If you can't figure out why I needed to see a number,
look up `weird error' in the index to The TeXbook.)

! Undefined control sequence.
\@addmarginpar ...dvance \@tempdima -\ht \@marbox 
                                                  \global \setbox \@marbox \...
l.540 \end{figure}
                  
The control sequence at the end of the top line
of your error message was never \def'ed. If you have
misspelled it (e.g., `\hobx'), type `I' and the correct
spelling (e.g., `I\hbox'). Otherwise just continue,
and I'll forget about whatever was undefined.

! Missing number, treated as zero.
<to be read again> 
                   \global 
l.540 \end{figure}
                  
A number should have been here; I inserted `0'.
(If you can't figure out why I needed to see a number,
look up `weird error' in the index to The TeXbook.)

! Undefined control sequence.
\@addmarginpar ...marbox \global \setbox \@marbox 
                                                  \vbox {\vskip \@tempdima \...
l.540 \end{figure}
                  
The control sequence at the end of the top line
of your error message was never \def'ed. If you have
misspelled it (e.g., `\hobx'), type `I' and the correct
spelling (e.g., `I\hbox'). Otherwise just continue,
and I'll forget about whatever was undefined.

! Missing number, treated as zero.
<to be read again> 
                   \vbox 
l.540 \end{figure}
                  
A number should have been here; I inserted `0'.
(If you can't figure out why I needed to see a number,
look up `weird error' in the index to The TeXbook.)

! Undefined control sequence.
\@addmarginpar ...\vskip \@tempdima \box \@marbox 
                                                  }\global \ht \@marbox \z@ ...
l.540 \end{figure}
                  
The control sequence at the end of the top line
of your error message was never \def'ed. If you have
misspelled it (e.g., `\hobx'), type `I' and the correct
spelling (e.g., `I\hbox'). Otherwise just continue,
and I'll forget about whatever was undefined.

! Missing number, treated as zero.
<to be read again> 
                   }
l.540 \end{figure}
                  
A number should have been here; I inserted `0'.
(If you can't figure out why I needed to see a number,
look up `weird error' in the index to The TeXbook.)

! Undefined control sequence.
\@addmarginpar ... \@marbox }\global \ht \@marbox 
                                                  \z@ \global \dp \@marbox \...
l.540 \end{figure}
                  
The control sequence at the end of the top line
of your error message was never \def'ed. If you have
misspelled it (e.g., `\hobx'), type `I' and the correct
spelling (e.g., `I\hbox'). Otherwise just continue,
and I'll forget about whatever was undefined.

! Missing number, treated as zero.
<to be read again> 
                   \global 
l.540 \end{figure}
                  
A number should have been here; I inserted `0'.
(If you can't figure out why I needed to see a number,
look up `weird error' in the index to The TeXbook.)

! Illegal unit of measure (pt inserted).
<to be read again> 
                   \global 
l.540 \end{figure}
                  
Dimensions can be in units of em, ex, in, pt, pc,
cm, mm, dd, cc, nd, nc, bp, or sp; but yours is a new one!
I'll assume that you meant to say pt, for printer's points.
To recover gracefully from this error, it's best to
delete the erroneous units; e.g., type `2' to delete
two letters. (See Chapter 27 of The TeXbook.)

! Undefined control sequence.
\@addmarginpar ...marbox \z@ \global \dp \@marbox 
                                                  \z@ \kern -\@pagedp \noint...
l.540 \end{figure}
                  
The control sequence at the end of the top line
of your error message was never \def'ed. If you have
misspelled it (e.g., `\hobx'), type `I' and the correct
spelling (e.g., `I\hbox'). Otherwise just continue,
and I'll forget about whatever was undefined.

! Missing number, treated as zero.
<to be read again> 
                   \kern 
l.540 \end{figure}
                  
A number should have been here; I inserted `0'.
(If you can't figure out why I needed to see a number,
look up `weird error' in the index to The TeXbook.)

! Illegal unit of measure (pt inserted).
<to be read again> 
                   \kern 
l.540 \end{figure}
                  
Dimensions can be in units of em, ex, in, pt, pc,
cm, mm, dd, cc, nd, nc, bp, or sp; but yours is a new one!
I'll assume that you meant to say pt, for printer's points.
To recover gracefully from this error, it's best to
delete the erroneous units; e.g., type `2' to delete
two letters. (See Chapter 27 of The TeXbook.)

! Undefined control sequence.
\@addmarginpar ...arginparwidth \fi \box \@marbox 
                                                  \hss }\nointerlineskip \hb...
l.540 \end{figure}
                  
The control sequence at the end of the top line
of your error message was never \def'ed. If you have
misspelled it (e.g., `\hobx'), type `I' and the correct
spelling (e.g., `I\hbox'). Otherwise just continue,
and I'll forget about whatever was undefined.

! Missing number, treated as zero.
<to be read again> 
                   \hss 
l.540 \end{figure}
                  
A number should have been here; I inserted `0'.
(If you can't figure out why I needed to see a number,
look up `weird error' in the index to The TeXbook.)


! LaTeX Error: Too many unprocessed floats.

See the LaTeX manual or LaTeX Companion for explanation.
Type  H <return>  for immediate help.
 ...                                              
                                                  
l.545 \begin{figure}[h!]
                        %
You've lost some text.  Try typing  <return>  to proceed.
If that doesn't work, type  X <return>  to quit.

! Undefined control sequence.
\@xfloat ...@fltovf \fi \global \setbox \@currbox 
                                                  \color@vbox \normalcolor \...
l.545 \begin{figure}[h!]
                        %
The control sequence at the end of the top line
of your error message was never \def'ed. If you have
misspelled it (e.g., `\hobx'), type `I' and the correct
spelling (e.g., `I\hbox'). Otherwise just continue,
and I'll forget about whatever was undefined.

! Missing number, treated as zero.
<to be read again> 
                   \vbox 
l.545 \begin{figure}[h!]
                        %
A number should have been here; I inserted `0'.
(If you can't figure out why I needed to see a number,
look up `weird error' in the index to The TeXbook.)

File: ./run_data/exp2/SNR:3.73-Run:fmfer9ur/output_0.png Graphic file (type png
)
<use ./run_data/exp2/SNR:3.73-Run:fmfer9ur/output_0.png>
Package pdftex.def Info: ./run_data/exp2/SNR:3.73-Run:fmfer9ur/output_0.png  us
ed on input line 547.
(pdftex.def)             Requested size: 120.45044pt x 40.14891pt.
! Undefined control sequence.
\@largefloatcheck ->\ifdim \ht \@currbox 
                                         >\textheight \@tempdima -\textheigh...
l.549 \end{figure}
                  
The control sequence at the end of the top line
of your error message was never \def'ed. If you have
misspelled it (e.g., `\hobx'), type `I' and the correct
spelling (e.g., `I\hbox'). Otherwise just continue,
and I'll forget about whatever was undefined.

! Missing number, treated as zero.
<to be read again> 
                   >
l.549 \end{figure}
                  
A number should have been here; I inserted `0'.
(If you can't figure out why I needed to see a number,
look up `weird error' in the index to The TeXbook.)

! Undefined control sequence.
<argument> \@currbox 
                     
l.549 \end{figure}
                  
The control sequence at the end of the top line
of your error message was never \def'ed. If you have
misspelled it (e.g., `\hobx'), type `I' and the correct
spelling (e.g., `I\hbox'). Otherwise just continue,
and I'll forget about whatever was undefined.

! Argument of \@xnext has an extra }.
<inserted text> 
                \par 
l.549 \end{figure}
                  
I've run across a `}' that doesn't seem to match anything.
For example, `\def\a#1{...}' and `\a}' would produce
this error. If you simply proceed now, the `\par' that
I've just inserted will cause me to report a runaway
argument that might be the root of the problem. But if
your `}' was spurious, just type `2' and it will go away.

Runaway argument?
\@currbox \@currlist \ifnum \count \@currbox >\z@ \advance \@pageht \@pagedp \E
TC.
! Paragraph ended before \@xnext was complete.
<to be read again> 
                   \par 
l.549 \end{figure}
                  
I suspect you've forgotten a `}', causing me to apply this
control sequence to too much text. How can we recover?
My plan is to forget the whole thing and hope for the best.

! Extra \else.
\end@float ...pdima \penalty \@floatpenalty \else 
                                                  \vadjust {\penalty -\@Miv ...
l.549 \end{figure}
                  
I'm ignoring this; it doesn't match any \if.

! You can't use `\vadjust' in vertical mode.
\end@float ...nalty \@floatpenalty \else \vadjust 
                                                  {\penalty -\@Miv \vbox {}\...
l.549 \end{figure}
                  
Sorry, but I'm not programmed to handle this case;
I'll just pretend that you didn't ask for it.
If you're in the wrong mode, you might be able to
return to the right one by typing `I}' or `I$' or `I\par'.

! Argument of \@xnext has an extra }.
<inserted text> 
                \par 
l.549 \end{figure}
                  
I've run across a `}' that doesn't seem to match anything.
For example, `\def\a#1{...}' and `\a}' would produce
this error. If you simply proceed now, the `\par' that
I've just inserted will cause me to report a runaway
argument that might be the root of the problem. But if
your `}' was spurious, just type `2' and it will go away.

Runaway argument?
\@currbox \@currlist \ifnum \count \@currbox >\z@ \advance \@pageht \@pagedp \E
TC.
! Paragraph ended before \@xnext was complete.
<to be read again> 
                   \par 
l.549 \end{figure}
                  
I suspect you've forgotten a `}', causing me to apply this
control sequence to too much text. How can we recover?
My plan is to forget the whole thing and hope for the best.


! LaTeX Error: Too many unprocessed floats.

See the LaTeX manual or LaTeX Companion for explanation.
Type  H <return>  for immediate help.
 ...                                              
                                                  
l.554 \begin{figure}[h!]
                        %
You've lost some text.  Try typing  <return>  to proceed.
If that doesn't work, type  X <return>  to quit.

! Undefined control sequence.
\@xfloat ...@fltovf \fi \global \setbox \@currbox 
                                                  \color@vbox \normalcolor \...
l.554 \begin{figure}[h!]
                        %
The control sequence at the end of the top line
of your error message was never \def'ed. If you have
misspelled it (e.g., `\hobx'), type `I' and the correct
spelling (e.g., `I\hbox'). Otherwise just continue,
and I'll forget about whatever was undefined.

! Missing number, treated as zero.
<to be read again> 
                   \vbox 
l.554 \begin{figure}[h!]
                        %
A number should have been here; I inserted `0'.
(If you can't figure out why I needed to see a number,
look up `weird error' in the index to The TeXbook.)

<./run_data/exp2/SNR:3.73-Run:xc8p62w2/output_0.png, id=12, 867.24pt x 289.08pt
>
File: ./run_data/exp2/SNR:3.73-Run:xc8p62w2/output_0.png Graphic file (type png
)
<use ./run_data/exp2/SNR:3.73-Run:xc8p62w2/output_0.png>
Package pdftex.def Info: ./run_data/exp2/SNR:3.73-Run:xc8p62w2/output_0.png  us
ed on input line 556.
(pdftex.def)             Requested size: 120.45044pt x 40.14891pt.
! Undefined control sequence.
\@largefloatcheck ->\ifdim \ht \@currbox 
                                         >\textheight \@tempdima -\textheigh...
l.558 \end{figure}
                  
The control sequence at the end of the top line
of your error message was never \def'ed. If you have
misspelled it (e.g., `\hobx'), type `I' and the correct
spelling (e.g., `I\hbox'). Otherwise just continue,
and I'll forget about whatever was undefined.

! Missing number, treated as zero.
<to be read again> 
                   >
l.558 \end{figure}
                  
A number should have been here; I inserted `0'.
(If you can't figure out why I needed to see a number,
look up `weird error' in the index to The TeXbook.)

! Undefined control sequence.
<argument> \@currbox 
                     
l.558 \end{figure}
                  
The control sequence at the end of the top line
of your error message was never \def'ed. If you have
misspelled it (e.g., `\hobx'), type `I' and the correct
spelling (e.g., `I\hbox'). Otherwise just continue,
and I'll forget about whatever was undefined.

! Missing number, treated as zero.
<to be read again> 
                   \@elt 
l.558 \end{figure}
                  
A number should have been here; I inserted `0'.
(If you can't figure out why I needed to see a number,
look up `weird error' in the index to The TeXbook.)

! Missing = inserted for \ifnum.
<to be read again> 
                   \@elt 
l.558 \end{figure}
                  
I was expecting to see `<', `=', or `>'. Didn't.

! Missing number, treated as zero.
<to be read again> 
                   \@elt 
l.558 \end{figure}
                  
A number should have been here; I inserted `0'.
(If you can't figure out why I needed to see a number,
look up `weird error' in the index to The TeXbook.)


! LaTeX Error: This may be a LaTeX bug.

See the LaTeX manual or LaTeX Companion for explanation.
Type  H <return>  for immediate help.
 ...                                              
                                                  
l.558 \end{figure}
                  
Call for help

! Undefined control sequence.
\@addmarginpar ...advance \@tempdima \ht \@marbox 
                                                  \ifdim \@tempdima >\z@ \@l...
l.558 \end{figure}
                  
The control sequence at the end of the top line
of your error message was never \def'ed. If you have
misspelled it (e.g., `\hobx'), type `I' and the correct
spelling (e.g., `I\hbox'). Otherwise just continue,
and I'll forget about whatever was undefined.

! Bad register code (-31731570).
\@addmarginpar ...e \space moved}\else \@tempdima 
                                                  \z@ \fi \global \@mparbott...
l.558 \end{figure}
                  
A register number must be between 0 and 32767.
I changed this one to zero.

! Missing number, treated as zero.
<to be read again> 
                   \global 
l.558 \end{figure}
                  
A number should have been here; I inserted `0'.
(If you can't figure out why I needed to see a number,
look up `weird error' in the index to The TeXbook.)

! Illegal unit of measure (pt inserted).
<to be read again> 
                   \global 
l.558 \end{figure}
                  
Dimensions can be in units of em, ex, in, pt, pc,
cm, mm, dd, cc, nd, nc, bp, or sp; but yours is a new one!
I'll assume that you meant to say pt, for printer's points.
To recover gracefully from this error, it's best to
delete the erroneous units; e.g., type `2' to delete
two letters. (See Chapter 27 of The TeXbook.)

! Undefined control sequence.
\@addmarginpar ...vance \@mparbottom \dp \@marbox 
                                                  \global \advance \@mparbot...
l.558 \end{figure}
                  
The control sequence at the end of the top line
of your error message was never \def'ed. If you have
misspelled it (e.g., `\hobx'), type `I' and the correct
spelling (e.g., `I\hbox'). Otherwise just continue,
and I'll forget about whatever was undefined.

! Missing number, treated as zero.
<to be read again> 
                   \global 
l.558 \end{figure}
                  
A number should have been here; I inserted `0'.
(If you can't figure out why I needed to see a number,
look up `weird error' in the index to The TeXbook.)

! Undefined control sequence.
\@addmarginpar ...dvance \@tempdima -\ht \@marbox 
                                                  \global \setbox \@marbox \...
l.558 \end{figure}
                  
The control sequence at the end of the top line
of your error message was never \def'ed. If you have
misspelled it (e.g., `\hobx'), type `I' and the correct
spelling (e.g., `I\hbox'). Otherwise just continue,
and I'll forget about whatever was undefined.

! Missing number, treated as zero.
<to be read again> 
                   \global 
l.558 \end{figure}
                  
A number should have been here; I inserted `0'.
(If you can't figure out why I needed to see a number,
look up `weird error' in the index to The TeXbook.)

! Undefined control sequence.
\@addmarginpar ...marbox \global \setbox \@marbox 
                                                  \vbox {\vskip \@tempdima \...
l.558 \end{figure}
                  
The control sequence at the end of the top line
of your error message was never \def'ed. If you have
misspelled it (e.g., `\hobx'), type `I' and the correct
spelling (e.g., `I\hbox'). Otherwise just continue,
and I'll forget about whatever was undefined.

! Missing number, treated as zero.
<to be read again> 
                   \vbox 
l.558 \end{figure}
                  
A number should have been here; I inserted `0'.
(If you can't figure out why I needed to see a number,
look up `weird error' in the index to The TeXbook.)

! Undefined control sequence.
\@addmarginpar ...\vskip \@tempdima \box \@marbox 
                                                  }\global \ht \@marbox \z@ ...
l.558 \end{figure}
                  
The control sequence at the end of the top line
of your error message was never \def'ed. If you have
misspelled it (e.g., `\hobx'), type `I' and the correct
spelling (e.g., `I\hbox'). Otherwise just continue,
and I'll forget about whatever was undefined.

! Missing number, treated as zero.
<to be read again> 
                   }
l.558 \end{figure}
                  
A number should have been here; I inserted `0'.
(If you can't figure out why I needed to see a number,
look up `weird error' in the index to The TeXbook.)

! Undefined control sequence.
\@addmarginpar ... \@marbox }\global \ht \@marbox 
                                                  \z@ \global \dp \@marbox \...
l.558 \end{figure}
                  
The control sequence at the end of the top line
of your error message was never \def'ed. If you have
misspelled it (e.g., `\hobx'), type `I' and the correct
spelling (e.g., `I\hbox'). Otherwise just continue,
and I'll forget about whatever was undefined.

! Missing number, treated as zero.
<to be read again> 
                   \global 
l.558 \end{figure}
                  
A number should have been here; I inserted `0'.
(If you can't figure out why I needed to see a number,
look up `weird error' in the index to The TeXbook.)

! Illegal unit of measure (pt inserted).
<to be read again> 
                   \global 
l.558 \end{figure}
                  
Dimensions can be in units of em, ex, in, pt, pc,
cm, mm, dd, cc, nd, nc, bp, or sp; but yours is a new one!
I'll assume that you meant to say pt, for printer's points.
To recover gracefully from this error, it's best to
delete the erroneous units; e.g., type `2' to delete
two letters. (See Chapter 27 of The TeXbook.)

! Undefined control sequence.
\@addmarginpar ...marbox \z@ \global \dp \@marbox 
                                                  \z@ \kern -\@pagedp \noint...
l.558 \end{figure}
                  
The control sequence at the end of the top line
of your error message was never \def'ed. If you have
misspelled it (e.g., `\hobx'), type `I' and the correct
spelling (e.g., `I\hbox'). Otherwise just continue,
and I'll forget about whatever was undefined.

! Missing number, treated as zero.
<to be read again> 
                   \kern 
l.558 \end{figure}
                  
A number should have been here; I inserted `0'.
(If you can't figure out why I needed to see a number,
look up `weird error' in the index to The TeXbook.)

! Illegal unit of measure (pt inserted).
<to be read again> 
                   \kern 
l.558 \end{figure}
                  
Dimensions can be in units of em, ex, in, pt, pc,
cm, mm, dd, cc, nd, nc, bp, or sp; but yours is a new one!
I'll assume that you meant to say pt, for printer's points.
To recover gracefully from this error, it's best to
delete the erroneous units; e.g., type `2' to delete
two letters. (See Chapter 27 of The TeXbook.)

! Undefined control sequence.
\@addmarginpar ...arginparwidth \fi \box \@marbox 
                                                  \hss }\nointerlineskip \hb...
l.558 \end{figure}
                  
The control sequence at the end of the top line
of your error message was never \def'ed. If you have
misspelled it (e.g., `\hobx'), type `I' and the correct
spelling (e.g., `I\hbox'). Otherwise just continue,
and I'll forget about whatever was undefined.

! Missing number, treated as zero.
<to be read again> 
                   \hss 
l.558 \end{figure}
                  
A number should have been here; I inserted `0'.
(If you can't figure out why I needed to see a number,
look up `weird error' in the index to The TeXbook.)


! LaTeX Error: Too many unprocessed floats.

See the LaTeX manual or LaTeX Companion for explanation.
Type  H <return>  for immediate help.
 ...                                              
                                                  
l.563 \begin{figure}[h!]
                        %
You've lost some text.  Try typing  <return>  to proceed.
If that doesn't work, type  X <return>  to quit.

! Undefined control sequence.
\@xfloat ...@fltovf \fi \global \setbox \@currbox 
                                                  \color@vbox \normalcolor \...
l.563 \begin{figure}[h!]
                        %
The control sequence at the end of the top line
of your error message was never \def'ed. If you have
misspelled it (e.g., `\hobx'), type `I' and the correct
spelling (e.g., `I\hbox'). Otherwise just continue,
and I'll forget about whatever was undefined.

! Missing number, treated as zero.
<to be read again> 
                   \vbox 
l.563 \begin{figure}[h!]
                        %
A number should have been here; I inserted `0'.
(If you can't figure out why I needed to see a number,
look up `weird error' in the index to The TeXbook.)

File: ./run_data/exp2/SNR:3.73-Run:xc8p62w2/output_0.png Graphic file (type png
)
<use ./run_data/exp2/SNR:3.73-Run:xc8p62w2/output_0.png>
Package pdftex.def Info: ./run_data/exp2/SNR:3.73-Run:xc8p62w2/output_0.png  us
ed on input line 565.
(pdftex.def)             Requested size: 120.45044pt x 40.14891pt.
! Undefined control sequence.
\@largefloatcheck ->\ifdim \ht \@currbox 
                                         >\textheight \@tempdima -\textheigh...
l.567 \end{figure}
                  
The control sequence at the end of the top line
of your error message was never \def'ed. If you have
misspelled it (e.g., `\hobx'), type `I' and the correct
spelling (e.g., `I\hbox'). Otherwise just continue,
and I'll forget about whatever was undefined.

! Missing number, treated as zero.
<to be read again> 
                   >
l.567 \end{figure}
                  
A number should have been here; I inserted `0'.
(If you can't figure out why I needed to see a number,
look up `weird error' in the index to The TeXbook.)

! Undefined control sequence.
<argument> \@currbox 
                     
l.567 \end{figure}
                  
The control sequence at the end of the top line
of your error message was never \def'ed. If you have
misspelled it (e.g., `\hobx'), type `I' and the correct
spelling (e.g., `I\hbox'). Otherwise just continue,
and I'll forget about whatever was undefined.

! Argument of \@xnext has an extra }.
<inserted text> 
                \par 
l.567 \end{figure}
                  
I've run across a `}' that doesn't seem to match anything.
For example, `\def\a#1{...}' and `\a}' would produce
this error. If you simply proceed now, the `\par' that
I've just inserted will cause me to report a runaway
argument that might be the root of the problem. But if
your `}' was spurious, just type `2' and it will go away.

Runaway argument?
\@currbox \@currlist \ifnum \count \@currbox >\z@ \advance \@pageht \@pagedp \E
TC.
! Paragraph ended before \@xnext was complete.
<to be read again> 
                   \par 
l.567 \end{figure}
                  
I suspect you've forgotten a `}', causing me to apply this
control sequence to too much text. How can we recover?
My plan is to forget the whole thing and hope for the best.

! Extra \else.
\end@float ...pdima \penalty \@floatpenalty \else 
                                                  \vadjust {\penalty -\@Miv ...
l.567 \end{figure}
                  
I'm ignoring this; it doesn't match any \if.

! You can't use `\vadjust' in vertical mode.
\end@float ...nalty \@floatpenalty \else \vadjust 
                                                  {\penalty -\@Miv \vbox {}\...
l.567 \end{figure}
                  
Sorry, but I'm not programmed to handle this case;
I'll just pretend that you didn't ask for it.
If you're in the wrong mode, you might be able to
return to the right one by typing `I}' or `I$' or `I\par'.

! Argument of \@xnext has an extra }.
<inserted text> 
                \par 
l.567 \end{figure}
                  
I've run across a `}' that doesn't seem to match anything.
For example, `\def\a#1{...}' and `\a}' would produce
this error. If you simply proceed now, the `\par' that
I've just inserted will cause me to report a runaway
argument that might be the root of the problem. But if
your `}' was spurious, just type `2' and it will go away.

Runaway argument?
\@currbox \@currlist \ifnum \count \@currbox >\z@ \advance \@pageht \@pagedp \E
TC.
! Paragraph ended before \@xnext was complete.
<to be read again> 
                   \par 
l.567 \end{figure}
                  
I suspect you've forgotten a `}', causing me to apply this
control sequence to too much text. How can we recover?
My plan is to forget the whole thing and hope for the best.


! LaTeX Error: Too many unprocessed floats.

See the LaTeX manual or LaTeX Companion for explanation.
Type  H <return>  for immediate help.
 ...                                              
                                                  
l.572 \begin{figure}[h!]
                        %
You've lost some text.  Try typing  <return>  to proceed.
If that doesn't work, type  X <return>  to quit.

! Undefined control sequence.
\@xfloat ...@fltovf \fi \global \setbox \@currbox 
                                                  \color@vbox \normalcolor \...
l.572 \begin{figure}[h!]
                        %
The control sequence at the end of the top line
of your error message was never \def'ed. If you have
misspelled it (e.g., `\hobx'), type `I' and the correct
spelling (e.g., `I\hbox'). Otherwise just continue,
and I'll forget about whatever was undefined.

! Missing number, treated as zero.
<to be read again> 
                   \vbox 
l.572 \begin{figure}[h!]
                        %
A number should have been here; I inserted `0'.
(If you can't figure out why I needed to see a number,
look up `weird error' in the index to The TeXbook.)

File: ./run_data/exp2/SNR:3.73-Run:xc8p62w2/output_0.png Graphic file (type png
)
<use ./run_data/exp2/SNR:3.73-Run:xc8p62w2/output_0.png>
Package pdftex.def Info: ./run_data/exp2/SNR:3.73-Run:xc8p62w2/output_0.png  us
ed on input line 574.
(pdftex.def)             Requested size: 120.45044pt x 40.14891pt.
! Undefined control sequence.
\@largefloatcheck ->\ifdim \ht \@currbox 
                                         >\textheight \@tempdima -\textheigh...
l.576 \end{figure}
                  
The control sequence at the end of the top line
of your error message was never \def'ed. If you have
misspelled it (e.g., `\hobx'), type `I' and the correct
spelling (e.g., `I\hbox'). Otherwise just continue,
and I'll forget about whatever was undefined.

! Missing number, treated as zero.
<to be read again> 
                   >
l.576 \end{figure}
                  
A number should have been here; I inserted `0'.
(If you can't figure out why I needed to see a number,
look up `weird error' in the index to The TeXbook.)

! Undefined control sequence.
<argument> \@currbox 
                     
l.576 \end{figure}
                  
The control sequence at the end of the top line
of your error message was never \def'ed. If you have
misspelled it (e.g., `\hobx'), type `I' and the correct
spelling (e.g., `I\hbox'). Otherwise just continue,
and I'll forget about whatever was undefined.

! Missing number, treated as zero.
<to be read again> 
                   \@elt 
l.576 \end{figure}
                  
A number should have been here; I inserted `0'.
(If you can't figure out why I needed to see a number,
look up `weird error' in the index to The TeXbook.)

! Missing = inserted for \ifnum.
<to be read again> 
                   \@elt 
l.576 \end{figure}
                  
I was expecting to see `<', `=', or `>'. Didn't.

! Missing number, treated as zero.
<to be read again> 
                   \@elt 
l.576 \end{figure}
                  
A number should have been here; I inserted `0'.
(If you can't figure out why I needed to see a number,
look up `weird error' in the index to The TeXbook.)


! LaTeX Error: This may be a LaTeX bug.

See the LaTeX manual or LaTeX Companion for explanation.
Type  H <return>  for immediate help.
 ...                                              
                                                  
l.576 \end{figure}
                  
Call for help

! Undefined control sequence.
\@addmarginpar ...advance \@tempdima \ht \@marbox 
                                                  \ifdim \@tempdima >\z@ \@l...
l.576 \end{figure}
                  
The control sequence at the end of the top line
of your error message was never \def'ed. If you have
misspelled it (e.g., `\hobx'), type `I' and the correct
spelling (e.g., `I\hbox'). Otherwise just continue,
and I'll forget about whatever was undefined.

! Bad register code (-27203469).
\@addmarginpar ...e \space moved}\else \@tempdima 
                                                  \z@ \fi \global \@mparbott...
l.576 \end{figure}
                  
A register number must be between 0 and 32767.
I changed this one to zero.

! Missing number, treated as zero.
<to be read again> 
                   \global 
l.576 \end{figure}
                  
A number should have been here; I inserted `0'.
(If you can't figure out why I needed to see a number,
look up `weird error' in the index to The TeXbook.)

! Illegal unit of measure (pt inserted).
<to be read again> 
                   \global 
l.576 \end{figure}
                  
Dimensions can be in units of em, ex, in, pt, pc,
cm, mm, dd, cc, nd, nc, bp, or sp; but yours is a new one!
I'll assume that you meant to say pt, for printer's points.
To recover gracefully from this error, it's best to
delete the erroneous units; e.g., type `2' to delete
two letters. (See Chapter 27 of The TeXbook.)

! Undefined control sequence.
\@addmarginpar ...vance \@mparbottom \dp \@marbox 
                                                  \global \advance \@mparbot...
l.576 \end{figure}
                  
The control sequence at the end of the top line
of your error message was never \def'ed. If you have
misspelled it (e.g., `\hobx'), type `I' and the correct
spelling (e.g., `I\hbox'). Otherwise just continue,
and I'll forget about whatever was undefined.

! Missing number, treated as zero.
<to be read again> 
                   \global 
l.576 \end{figure}
                  
A number should have been here; I inserted `0'.
(If you can't figure out why I needed to see a number,
look up `weird error' in the index to The TeXbook.)

! Undefined control sequence.
\@addmarginpar ...dvance \@tempdima -\ht \@marbox 
                                                  \global \setbox \@marbox \...
l.576 \end{figure}
                  
The control sequence at the end of the top line
of your error message was never \def'ed. If you have
misspelled it (e.g., `\hobx'), type `I' and the correct
spelling (e.g., `I\hbox'). Otherwise just continue,
and I'll forget about whatever was undefined.

! Missing number, treated as zero.
<to be read again> 
                   \global 
l.576 \end{figure}
                  
A number should have been here; I inserted `0'.
(If you can't figure out why I needed to see a number,
look up `weird error' in the index to The TeXbook.)

! Undefined control sequence.
\@addmarginpar ...marbox \global \setbox \@marbox 
                                                  \vbox {\vskip \@tempdima \...
l.576 \end{figure}
                  
The control sequence at the end of the top line
of your error message was never \def'ed. If you have
misspelled it (e.g., `\hobx'), type `I' and the correct
spelling (e.g., `I\hbox'). Otherwise just continue,
and I'll forget about whatever was undefined.

! Missing number, treated as zero.
<to be read again> 
                   \vbox 
l.576 \end{figure}
                  
A number should have been here; I inserted `0'.
(If you can't figure out why I needed to see a number,
look up `weird error' in the index to The TeXbook.)

! Undefined control sequence.
\@addmarginpar ...\vskip \@tempdima \box \@marbox 
                                                  }\global \ht \@marbox \z@ ...
l.576 \end{figure}
                  
The control sequence at the end of the top line
of your error message was never \def'ed. If you have
misspelled it (e.g., `\hobx'), type `I' and the correct
spelling (e.g., `I\hbox'). Otherwise just continue,
and I'll forget about whatever was undefined.

! Missing number, treated as zero.
<to be read again> 
                   }
l.576 \end{figure}
                  
A number should have been here; I inserted `0'.
(If you can't figure out why I needed to see a number,
look up `weird error' in the index to The TeXbook.)

! Undefined control sequence.
\@addmarginpar ... \@marbox }\global \ht \@marbox 
                                                  \z@ \global \dp \@marbox \...
l.576 \end{figure}
                  
The control sequence at the end of the top line
of your error message was never \def'ed. If you have
misspelled it (e.g., `\hobx'), type `I' and the correct
spelling (e.g., `I\hbox'). Otherwise just continue,
and I'll forget about whatever was undefined.

! Missing number, treated as zero.
<to be read again> 
                   \global 
l.576 \end{figure}
                  
A number should have been here; I inserted `0'.
(If you can't figure out why I needed to see a number,
look up `weird error' in the index to The TeXbook.)

! Illegal unit of measure (pt inserted).
<to be read again> 
                   \global 
l.576 \end{figure}
                  
Dimensions can be in units of em, ex, in, pt, pc,
cm, mm, dd, cc, nd, nc, bp, or sp; but yours is a new one!
I'll assume that you meant to say pt, for printer's points.
To recover gracefully from this error, it's best to
delete the erroneous units; e.g., type `2' to delete
two letters. (See Chapter 27 of The TeXbook.)

! Undefined control sequence.
\@addmarginpar ...marbox \z@ \global \dp \@marbox 
                                                  \z@ \kern -\@pagedp \noint...
l.576 \end{figure}
                  
The control sequence at the end of the top line
of your error message was never \def'ed. If you have
misspelled it (e.g., `\hobx'), type `I' and the correct
spelling (e.g., `I\hbox'). Otherwise just continue,
and I'll forget about whatever was undefined.

! Missing number, treated as zero.
<to be read again> 
                   \kern 
l.576 \end{figure}
                  
A number should have been here; I inserted `0'.
(If you can't figure out why I needed to see a number,
look up `weird error' in the index to The TeXbook.)

! Illegal unit of measure (pt inserted).
<to be read again> 
                   \kern 
l.576 \end{figure}
                  
Dimensions can be in units of em, ex, in, pt, pc,
cm, mm, dd, cc, nd, nc, bp, or sp; but yours is a new one!
I'll assume that you meant to say pt, for printer's points.
To recover gracefully from this error, it's best to
delete the erroneous units; e.g., type `2' to delete
two letters. (See Chapter 27 of The TeXbook.)

! Undefined control sequence.
\@addmarginpar ...arginparwidth \fi \box \@marbox 
                                                  \hss }\nointerlineskip \hb...
l.576 \end{figure}
                  
The control sequence at the end of the top line
of your error message was never \def'ed. If you have
misspelled it (e.g., `\hobx'), type `I' and the correct
spelling (e.g., `I\hbox'). Otherwise just continue,
and I'll forget about whatever was undefined.

! Missing number, treated as zero.
<to be read again> 
                   \hss 
l.576 \end{figure}
                  
A number should have been here; I inserted `0'.
(If you can't figure out why I needed to see a number,
look up `weird error' in the index to The TeXbook.)


! LaTeX Error: Too many unprocessed floats.

See the LaTeX manual or LaTeX Companion for explanation.
Type  H <return>  for immediate help.
 ...                                              
                                                  
l.581 \begin{figure}[h!]
                        %
You've lost some text.  Try typing  <return>  to proceed.
If that doesn't work, type  X <return>  to quit.

! Undefined control sequence.
\@xfloat ...@fltovf \fi \global \setbox \@currbox 
                                                  \color@vbox \normalcolor \...
l.581 \begin{figure}[h!]
                        %
The control sequence at the end of the top line
of your error message was never \def'ed. If you have
misspelled it (e.g., `\hobx'), type `I' and the correct
spelling (e.g., `I\hbox'). Otherwise just continue,
and I'll forget about whatever was undefined.

! Missing number, treated as zero.
<to be read again> 
                   \vbox 
l.581 \begin{figure}[h!]
                        %
A number should have been here; I inserted `0'.
(If you can't figure out why I needed to see a number,
look up `weird error' in the index to The TeXbook.)

File: ./run_data/exp2/SNR:3.73-Run:xc8p62w2/output_0.png Graphic file (type png
)
<use ./run_data/exp2/SNR:3.73-Run:xc8p62w2/output_0.png>
Package pdftex.def Info: ./run_data/exp2/SNR:3.73-Run:xc8p62w2/output_0.png  us
ed on input line 583.
(pdftex.def)             Requested size: 120.45044pt x 40.14891pt.
! Undefined control sequence.
\@largefloatcheck ->\ifdim \ht \@currbox 
                                         >\textheight \@tempdima -\textheigh...
l.585 \end{figure}
                  
The control sequence at the end of the top line
of your error message was never \def'ed. If you have
misspelled it (e.g., `\hobx'), type `I' and the correct
spelling (e.g., `I\hbox'). Otherwise just continue,
and I'll forget about whatever was undefined.

! Missing number, treated as zero.
<to be read again> 
                   >
l.585 \end{figure}
                  
A number should have been here; I inserted `0'.
(If you can't figure out why I needed to see a number,
look up `weird error' in the index to The TeXbook.)

! Undefined control sequence.
<argument> \@currbox 
                     
l.585 \end{figure}
                  
The control sequence at the end of the top line
of your error message was never \def'ed. If you have
misspelled it (e.g., `\hobx'), type `I' and the correct
spelling (e.g., `I\hbox'). Otherwise just continue,
and I'll forget about whatever was undefined.

! Argument of \@xnext has an extra }.
<inserted text> 
                \par 
l.585 \end{figure}
                  
I've run across a `}' that doesn't seem to match anything.
For example, `\def\a#1{...}' and `\a}' would produce
this error. If you simply proceed now, the `\par' that
I've just inserted will cause me to report a runaway
argument that might be the root of the problem. But if
your `}' was spurious, just type `2' and it will go away.

Runaway argument?
\@currbox \@currlist \ifnum \count \@currbox >\z@ \advance \@pageht \@pagedp \E
TC.
! Paragraph ended before \@xnext was complete.
<to be read again> 
                   \par 
l.585 \end{figure}
                  
I suspect you've forgotten a `}', causing me to apply this
control sequence to too much text. How can we recover?
My plan is to forget the whole thing and hope for the best.

! Extra \else.
\end@float ...pdima \penalty \@floatpenalty \else 
                                                  \vadjust {\penalty -\@Miv ...
l.585 \end{figure}
                  
I'm ignoring this; it doesn't match any \if.

! You can't use `\vadjust' in vertical mode.
\end@float ...nalty \@floatpenalty \else \vadjust 
                                                  {\penalty -\@Miv \vbox {}\...
l.585 \end{figure}
                  
Sorry, but I'm not programmed to handle this case;
I'll just pretend that you didn't ask for it.
If you're in the wrong mode, you might be able to
return to the right one by typing `I}' or `I$' or `I\par'.

! Argument of \@xnext has an extra }.
<inserted text> 
                \par 
l.585 \end{figure}
                  
I've run across a `}' that doesn't seem to match anything.
For example, `\def\a#1{...}' and `\a}' would produce
this error. If you simply proceed now, the `\par' that
I've just inserted will cause me to report a runaway
argument that might be the root of the problem. But if
your `}' was spurious, just type `2' and it will go away.

Runaway argument?
\@currbox \@currlist \ifnum \count \@currbox >\z@ \advance \@pageht \@pagedp \E
TC.
! Paragraph ended before \@xnext was complete.
<to be read again> 
                   \par 
l.585 \end{figure}
                  
I suspect you've forgotten a `}', causing me to apply this
control sequence to too much text. How can we recover?
My plan is to forget the whole thing and hope for the best.


! LaTeX Error: Too many unprocessed floats.

See the LaTeX manual or LaTeX Companion for explanation.
Type  H <return>  for immediate help.
 ...                                              
                                                  
l.590 \begin{figure}[h!]
                        %
You've lost some text.  Try typing  <return>  to proceed.
If that doesn't work, type  X <return>  to quit.

! Undefined control sequence.
\@xfloat ...@fltovf \fi \global \setbox \@currbox 
                                                  \color@vbox \normalcolor \...
l.590 \begin{figure}[h!]
                        %
The control sequence at the end of the top line
of your error message was never \def'ed. If you have
misspelled it (e.g., `\hobx'), type `I' and the correct
spelling (e.g., `I\hbox'). Otherwise just continue,
and I'll forget about whatever was undefined.

! Missing number, treated as zero.
<to be read again> 
                   \vbox 
l.590 \begin{figure}[h!]
                        %
A number should have been here; I inserted `0'.
(If you can't figure out why I needed to see a number,
look up `weird error' in the index to The TeXbook.)

File: ./run_data/exp2/SNR:3.73-Run:xc8p62w2/output_0.png Graphic file (type png
)
<use ./run_data/exp2/SNR:3.73-Run:xc8p62w2/output_0.png>
Package pdftex.def Info: ./run_data/exp2/SNR:3.73-Run:xc8p62w2/output_0.png  us
ed on input line 592.
(pdftex.def)             Requested size: 120.45044pt x 40.14891pt.
! Undefined control sequence.
\@largefloatcheck ->\ifdim \ht \@currbox 
                                         >\textheight \@tempdima -\textheigh...
l.594 \end{figure}
                  
The control sequence at the end of the top line
of your error message was never \def'ed. If you have
misspelled it (e.g., `\hobx'), type `I' and the correct
spelling (e.g., `I\hbox'). Otherwise just continue,
and I'll forget about whatever was undefined.

! Missing number, treated as zero.
<to be read again> 
                   >
l.594 \end{figure}
                  
A number should have been here; I inserted `0'.
(If you can't figure out why I needed to see a number,
look up `weird error' in the index to The TeXbook.)

! Undefined control sequence.
<argument> \@currbox 
                     
l.594 \end{figure}
                  
The control sequence at the end of the top line
of your error message was never \def'ed. If you have
misspelled it (e.g., `\hobx'), type `I' and the correct
spelling (e.g., `I\hbox'). Otherwise just continue,
and I'll forget about whatever was undefined.

! Missing number, treated as zero.
<to be read again> 
                   \@elt 
l.594 \end{figure}
                  
A number should have been here; I inserted `0'.
(If you can't figure out why I needed to see a number,
look up `weird error' in the index to The TeXbook.)

! Missing = inserted for \ifnum.
<to be read again> 
                   \@elt 
l.594 \end{figure}
                  
I was expecting to see `<', `=', or `>'. Didn't.

! Missing number, treated as zero.
<to be read again> 
                   \@elt 
l.594 \end{figure}
                  
A number should have been here; I inserted `0'.
(If you can't figure out why I needed to see a number,
look up `weird error' in the index to The TeXbook.)


! LaTeX Error: This may be a LaTeX bug.

See the LaTeX manual or LaTeX Companion for explanation.
Type  H <return>  for immediate help.
 ...                                              
                                                  
l.594 \end{figure}
                  
Call for help

! Undefined control sequence.
\@addmarginpar ...advance \@tempdima \ht \@marbox 
                                                  \ifdim \@tempdima >\z@ \@l...
l.594 \end{figure}
                  
The control sequence at the end of the top line
of your error message was never \def'ed. If you have
misspelled it (e.g., `\hobx'), type `I' and the correct
spelling (e.g., `I\hbox'). Otherwise just continue,
and I'll forget about whatever was undefined.

! Bad register code (-22675368).
\@addmarginpar ...e \space moved}\else \@tempdima 
                                                  \z@ \fi \global \@mparbott...
l.594 \end{figure}
                  
A register number must be between 0 and 32767.
I changed this one to zero.

! Missing number, treated as zero.
<to be read again> 
                   \global 
l.594 \end{figure}
                  
A number should have been here; I inserted `0'.
(If you can't figure out why I needed to see a number,
look up `weird error' in the index to The TeXbook.)

! Illegal unit of measure (pt inserted).
<to be read again> 
                   \global 
l.594 \end{figure}
                  
Dimensions can be in units of em, ex, in, pt, pc,
cm, mm, dd, cc, nd, nc, bp, or sp; but yours is a new one!
I'll assume that you meant to say pt, for printer's points.
To recover gracefully from this error, it's best to
delete the erroneous units; e.g., type `2' to delete
two letters. (See Chapter 27 of The TeXbook.)

! Undefined control sequence.
\@addmarginpar ...vance \@mparbottom \dp \@marbox 
                                                  \global \advance \@mparbot...
l.594 \end{figure}
                  
The control sequence at the end of the top line
of your error message was never \def'ed. If you have
misspelled it (e.g., `\hobx'), type `I' and the correct
spelling (e.g., `I\hbox'). Otherwise just continue,
and I'll forget about whatever was undefined.

! Missing number, treated as zero.
<to be read again> 
                   \global 
l.594 \end{figure}
                  
A number should have been here; I inserted `0'.
(If you can't figure out why I needed to see a number,
look up `weird error' in the index to The TeXbook.)

! Undefined control sequence.
\@addmarginpar ...dvance \@tempdima -\ht \@marbox 
                                                  \global \setbox \@marbox \...
l.594 \end{figure}
                  
The control sequence at the end of the top line
of your error message was never \def'ed. If you have
misspelled it (e.g., `\hobx'), type `I' and the correct
spelling (e.g., `I\hbox'). Otherwise just continue,
and I'll forget about whatever was undefined.

! Missing number, treated as zero.
<to be read again> 
                   \global 
l.594 \end{figure}
                  
A number should have been here; I inserted `0'.
(If you can't figure out why I needed to see a number,
look up `weird error' in the index to The TeXbook.)

! Undefined control sequence.
\@addmarginpar ...marbox \global \setbox \@marbox 
                                                  \vbox {\vskip \@tempdima \...
l.594 \end{figure}
                  
The control sequence at the end of the top line
of your error message was never \def'ed. If you have
misspelled it (e.g., `\hobx'), type `I' and the correct
spelling (e.g., `I\hbox'). Otherwise just continue,
and I'll forget about whatever was undefined.

! Missing number, treated as zero.
<to be read again> 
                   \vbox 
l.594 \end{figure}
                  
A number should have been here; I inserted `0'.
(If you can't figure out why I needed to see a number,
look up `weird error' in the index to The TeXbook.)

! Undefined control sequence.
\@addmarginpar ...\vskip \@tempdima \box \@marbox 
                                                  }\global \ht \@marbox \z@ ...
l.594 \end{figure}
                  
The control sequence at the end of the top line
of your error message was never \def'ed. If you have
misspelled it (e.g., `\hobx'), type `I' and the correct
spelling (e.g., `I\hbox'). Otherwise just continue,
and I'll forget about whatever was undefined.

! Missing number, treated as zero.
<to be read again> 
                   }
l.594 \end{figure}
                  
A number should have been here; I inserted `0'.
(If you can't figure out why I needed to see a number,
look up `weird error' in the index to The TeXbook.)

! Undefined control sequence.
\@addmarginpar ... \@marbox }\global \ht \@marbox 
                                                  \z@ \global \dp \@marbox \...
l.594 \end{figure}
                  
The control sequence at the end of the top line
of your error message was never \def'ed. If you have
misspelled it (e.g., `\hobx'), type `I' and the correct
spelling (e.g., `I\hbox'). Otherwise just continue,
and I'll forget about whatever was undefined.

! Missing number, treated as zero.
<to be read again> 
                   \global 
l.594 \end{figure}
                  
A number should have been here; I inserted `0'.
(If you can't figure out why I needed to see a number,
look up `weird error' in the index to The TeXbook.)

! Illegal unit of measure (pt inserted).
<to be read again> 
                   \global 
l.594 \end{figure}
                  
Dimensions can be in units of em, ex, in, pt, pc,
cm, mm, dd, cc, nd, nc, bp, or sp; but yours is a new one!
I'll assume that you meant to say pt, for printer's points.
To recover gracefully from this error, it's best to
delete the erroneous units; e.g., type `2' to delete
two letters. (See Chapter 27 of The TeXbook.)

! Undefined control sequence.
\@addmarginpar ...marbox \z@ \global \dp \@marbox 
                                                  \z@ \kern -\@pagedp \noint...
l.594 \end{figure}
                  
The control sequence at the end of the top line
of your error message was never \def'ed. If you have
misspelled it (e.g., `\hobx'), type `I' and the correct
spelling (e.g., `I\hbox'). Otherwise just continue,
and I'll forget about whatever was undefined.

! Missing number, treated as zero.
<to be read again> 
                   \kern 
l.594 \end{figure}
                  
A number should have been here; I inserted `0'.
(If you can't figure out why I needed to see a number,
look up `weird error' in the index to The TeXbook.)

! Illegal unit of measure (pt inserted).
<to be read again> 
                   \kern 
l.594 \end{figure}
                  
Dimensions can be in units of em, ex, in, pt, pc,
cm, mm, dd, cc, nd, nc, bp, or sp; but yours is a new one!
I'll assume that you meant to say pt, for printer's points.
To recover gracefully from this error, it's best to
delete the erroneous units; e.g., type `2' to delete
two letters. (See Chapter 27 of The TeXbook.)

! Undefined control sequence.
\@addmarginpar ...arginparwidth \fi \box \@marbox 
                                                  \hss }\nointerlineskip \hb...
l.594 \end{figure}
                  
The control sequence at the end of the top line
of your error message was never \def'ed. If you have
misspelled it (e.g., `\hobx'), type `I' and the correct
spelling (e.g., `I\hbox'). Otherwise just continue,
and I'll forget about whatever was undefined.

! Missing number, treated as zero.
<to be read again> 
                   \hss 
l.594 \end{figure}
                  
A number should have been here; I inserted `0'.
(If you can't figure out why I needed to see a number,
look up `weird error' in the index to The TeXbook.)


! LaTeX Error: Too many unprocessed floats.

See the LaTeX manual or LaTeX Companion for explanation.
Type  H <return>  for immediate help.
 ...                                              
                                                  
l.601 \begin{figure}[h!]
                        %
You've lost some text.  Try typing  <return>  to proceed.
If that doesn't work, type  X <return>  to quit.

! Undefined control sequence.
\@xfloat ...@fltovf \fi \global \setbox \@currbox 
                                                  \color@vbox \normalcolor \...
l.601 \begin{figure}[h!]
                        %
The control sequence at the end of the top line
of your error message was never \def'ed. If you have
misspelled it (e.g., `\hobx'), type `I' and the correct
spelling (e.g., `I\hbox'). Otherwise just continue,
and I'll forget about whatever was undefined.

! Missing number, treated as zero.
<to be read again> 
                   \vbox 
l.601 \begin{figure}[h!]
                        %
A number should have been here; I inserted `0'.
(If you can't figure out why I needed to see a number,
look up `weird error' in the index to The TeXbook.)

File: ./run_data/exp2/SNR:3.73-Run:xc8p62w2/output_0.png Graphic file (type png
)
<use ./run_data/exp2/SNR:3.73-Run:xc8p62w2/output_0.png>
Package pdftex.def Info: ./run_data/exp2/SNR:3.73-Run:xc8p62w2/output_0.png  us
ed on input line 603.
(pdftex.def)             Requested size: 120.45044pt x 40.14891pt.
! Undefined control sequence.
\@largefloatcheck ->\ifdim \ht \@currbox 
                                         >\textheight \@tempdima -\textheigh...
l.605 \end{figure}
                  
The control sequence at the end of the top line
of your error message was never \def'ed. If you have
misspelled it (e.g., `\hobx'), type `I' and the correct
spelling (e.g., `I\hbox'). Otherwise just continue,
and I'll forget about whatever was undefined.

! Missing number, treated as zero.
<to be read again> 
                   >
l.605 \end{figure}
                  
A number should have been here; I inserted `0'.
(If you can't figure out why I needed to see a number,
look up `weird error' in the index to The TeXbook.)

! Undefined control sequence.
<argument> \@currbox 
                     
l.605 \end{figure}
                  
The control sequence at the end of the top line
of your error message was never \def'ed. If you have
misspelled it (e.g., `\hobx'), type `I' and the correct
spelling (e.g., `I\hbox'). Otherwise just continue,
and I'll forget about whatever was undefined.

[1

{/nix/store/s5kqa2b3azrsq1667z6p11984w35pdsj-texlive-2025-r78234-final-env/shar
e/texmf-var/fonts/map/pdftex/updmap/pdftex.map}{/nix/store/gnzyg3c8dsj6zwii6j7w
hjhbjlimkxmv-texlive-2025-r78234-final-env-texmfdist/fonts/enc/dvips/lm/lm-ec.e
nc} <./run_data/exp2/SNR:13.89-Run:pdyfqsk9/output_0.png> <./run_data/exp2/SNR:
13.89-Run:2ysikca9/output_0.png>]
! Argument of \@xnext has an extra }.
<inserted text> 
                \par 
l.605 \end{figure}
                  
I've run across a `}' that doesn't seem to match anything.
For example, `\def\a#1{...}' and `\a}' would produce
this error. If you simply proceed now, the `\par' that
I've just inserted will cause me to report a runaway
argument that might be the root of the problem. But if
your `}' was spurious, just type `2' and it will go away.

Runaway argument?
\@currbox \@currlist \ifnum \count \@currbox >\z@ \advance \@pageht \@pagedp \E
TC.
! Paragraph ended before \@xnext was complete.
<to be read again> 
                   \par 
l.605 \end{figure}
                  
I suspect you've forgotten a `}', causing me to apply this
control sequence to too much text. How can we recover?
My plan is to forget the whole thing and hope for the best.

! Extra \else.
\end@float ...pdima \penalty \@floatpenalty \else 
                                                  \vadjust {\penalty -\@Miv ...
l.605 \end{figure}
                  
I'm ignoring this; it doesn't match any \if.

! You can't use `\vadjust' in vertical mode.
\end@float ...nalty \@floatpenalty \else \vadjust 
                                                  {\penalty -\@Miv \vbox {}\...
l.605 \end{figure}
                  
Sorry, but I'm not programmed to handle this case;
I'll just pretend that you didn't ask for it.
If you're in the wrong mode, you might be able to
return to the right one by typing `I}' or `I$' or `I\par'.

! Argument of \@xnext has an extra }.
<inserted text> 
                \par 
l.605 \end{figure}
                  
I've run across a `}' that doesn't seem to match anything.
For example, `\def\a#1{...}' and `\a}' would produce
this error. If you simply proceed now, the `\par' that
I've just inserted will cause me to report a runaway
argument that might be the root of the problem. But if
your `}' was spurious, just type `2' and it will go away.

Runaway argument?
\@currbox \@currlist \ifnum \count \@currbox >\z@ \advance \@pageht \@pagedp \E
TC.
! Paragraph ended before \@xnext was complete.
<to be read again> 
                   \par 
l.605 \end{figure}
                  
I suspect you've forgotten a `}', causing me to apply this
control sequence to too much text. How can we recover?
My plan is to forget the whole thing and hope for the best.

File: ./run_data/exp2/SNR:3.73-Run:xc8p62w2/output_0.png Graphic file (type png
)
<use ./run_data/exp2/SNR:3.73-Run:xc8p62w2/output_0.png>
Package pdftex.def Info: ./run_data/exp2/SNR:3.73-Run:xc8p62w2/output_0.png  us
ed on input line 612.
(pdftex.def)             Requested size: 120.45044pt x 40.14891pt.
! Missing number, treated as zero.
<to be read again> 
                   \@elt 
l.614 \end{figure}
                  
A number should have been here; I inserted `0'.
(If you can't figure out why I needed to see a number,
look up `weird error' in the index to The TeXbook.)

! Missing = inserted for \ifnum.
<to be read again> 
                   \@elt 
l.614 \end{figure}
                  
I was expecting to see `<', `=', or `>'. Didn't.

! Missing number, treated as zero.
<to be read again> 
                   \@elt 
l.614 \end{figure}
                  
A number should have been here; I inserted `0'.
(If you can't figure out why I needed to see a number,
look up `weird error' in the index to The TeXbook.)

! Use of \@xnext doesn't match its definition.
\@currlist ->\bx@A 
                   
l.614 \end{figure}
                  
If you say, e.g., `\def\a1{...}', then you must always
put `1' after `\a', since control sequence names are
made up of letters only. The macro here has not been
followed by the required stuff, so I'm ignoring it.

! Undefined control sequence.
\@next ...mpty #4\else \expandafter \@xnext #2\@@ 
                                                  #1#2#3\fi 
l.614 \end{figure}
                  
The control sequence at the end of the top line
of your error message was never \def'ed. If you have
misspelled it (e.g., `\hobx'), type `I' and the correct
spelling (e.g., `I\hbox'). Otherwise just continue,
and I'll forget about whatever was undefined.

! Undefined control sequence.
<argument> \@marbox 
                    
l.614 \end{figure}
                  
The control sequence at the end of the top line
of your error message was never \def'ed. If you have
misspelled it (e.g., `\hobx'), type `I' and the correct
spelling (e.g., `I\hbox'). Otherwise just continue,
and I'll forget about whatever was undefined.

! Undefined control sequence.
<argument> \@marbox 
                    
l.614 \end{figure}
                  
The control sequence at the end of the top line
of your error message was never \def'ed. If you have
misspelled it (e.g., `\hobx'), type `I' and the correct
spelling (e.g., `I\hbox'). Otherwise just continue,
and I'll forget about whatever was undefined.

! Undefined control sequence.
\@addmarginpar ...advance \@tempdima \ht \@marbox 
                                                  \ifdim \@tempdima >\z@ \@l...
l.614 \end{figure}
                  
The control sequence at the end of the top line
of your error message was never \def'ed. If you have
misspelled it (e.g., `\hobx'), type `I' and the correct
spelling (e.g., `I\hbox'). Otherwise just continue,
and I'll forget about whatever was undefined.

! Bad register code (-2419358).
\@addmarginpar ...e \space moved}\else \@tempdima 
                                                  \z@ \fi \global \@mparbott...
l.614 \end{figure}
                  
A register number must be between 0 and 32767.
I changed this one to zero.

! Missing number, treated as zero.
<to be read again> 
                   \global 
l.614 \end{figure}
                  
A number should have been here; I inserted `0'.
(If you can't figure out why I needed to see a number,
look up `weird error' in the index to The TeXbook.)

! Illegal unit of measure (pt inserted).
<to be read again> 
                   \global 
l.614 \end{figure}
                  
Dimensions can be in units of em, ex, in, pt, pc,
cm, mm, dd, cc, nd, nc, bp, or sp; but yours is a new one!
I'll assume that you meant to say pt, for printer's points.
To recover gracefully from this error, it's best to
delete the erroneous units; e.g., type `2' to delete
two letters. (See Chapter 27 of The TeXbook.)

! Undefined control sequence.
\@addmarginpar ...vance \@mparbottom \dp \@marbox 
                                                  \global \advance \@mparbot...
l.614 \end{figure}
                  
The control sequence at the end of the top line
of your error message was never \def'ed. If you have
misspelled it (e.g., `\hobx'), type `I' and the correct
spelling (e.g., `I\hbox'). Otherwise just continue,
and I'll forget about whatever was undefined.

! Missing number, treated as zero.
<to be read again> 
                   \global 
l.614 \end{figure}
                  
A number should have been here; I inserted `0'.
(If you can't figure out why I needed to see a number,
look up `weird error' in the index to The TeXbook.)

! Undefined control sequence.
\@addmarginpar ...dvance \@tempdima -\ht \@marbox 
                                                  \global \setbox \@marbox \...
l.614 \end{figure}
                  
The control sequence at the end of the top line
of your error message was never \def'ed. If you have
misspelled it (e.g., `\hobx'), type `I' and the correct
spelling (e.g., `I\hbox'). Otherwise just continue,
and I'll forget about whatever was undefined.

! Missing number, treated as zero.
<to be read again> 
                   \global 
l.614 \end{figure}
                  
A number should have been here; I inserted `0'.
(If you can't figure out why I needed to see a number,
look up `weird error' in the index to The TeXbook.)

! Undefined control sequence.
\@addmarginpar ...marbox \global \setbox \@marbox 
                                                  \vbox {\vskip \@tempdima \...
l.614 \end{figure}
                  
The control sequence at the end of the top line
of your error message was never \def'ed. If you have
misspelled it (e.g., `\hobx'), type `I' and the correct
spelling (e.g., `I\hbox'). Otherwise just continue,
and I'll forget about whatever was undefined.

! Missing number, treated as zero.
<to be read again> 
                   \vbox 
l.614 \end{figure}
                  
A number should have been here; I inserted `0'.
(If you can't figure out why I needed to see a number,
look up `weird error' in the index to The TeXbook.)

! Undefined control sequence.
\@addmarginpar ...\vskip \@tempdima \box \@marbox 
                                                  }\global \ht \@marbox \z@ ...
l.614 \end{figure}
                  
The control sequence at the end of the top line
of your error message was never \def'ed. If you have
misspelled it (e.g., `\hobx'), type `I' and the correct
spelling (e.g., `I\hbox'). Otherwise just continue,
and I'll forget about whatever was undefined.

! Missing number, treated as zero.
<to be read again> 
                   }
l.614 \end{figure}
                  
A number should have been here; I inserted `0'.
(If you can't figure out why I needed to see a number,
look up `weird error' in the index to The TeXbook.)

! Undefined control sequence.
\@addmarginpar ... \@marbox }\global \ht \@marbox 
                                                  \z@ \global \dp \@marbox \...
l.614 \end{figure}
                  
The control sequence at the end of the top line
of your error message was never \def'ed. If you have
misspelled it (e.g., `\hobx'), type `I' and the correct
spelling (e.g., `I\hbox'). Otherwise just continue,
and I'll forget about whatever was undefined.

! Missing number, treated as zero.
<to be read again> 
                   \global 
l.614 \end{figure}
                  
A number should have been here; I inserted `0'.
(If you can't figure out why I needed to see a number,
look up `weird error' in the index to The TeXbook.)

! Illegal unit of measure (pt inserted).
<to be read again> 
                   \global 
l.614 \end{figure}
                  
Dimensions can be in units of em, ex, in, pt, pc,
cm, mm, dd, cc, nd, nc, bp, or sp; but yours is a new one!
I'll assume that you meant to say pt, for printer's points.
To recover gracefully from this error, it's best to
delete the erroneous units; e.g., type `2' to delete
two letters. (See Chapter 27 of The TeXbook.)

! Undefined control sequence.
\@addmarginpar ...marbox \z@ \global \dp \@marbox 
                                                  \z@ \kern -\@pagedp \noint...
l.614 \end{figure}
                  
The control sequence at the end of the top line
of your error message was never \def'ed. If you have
misspelled it (e.g., `\hobx'), type `I' and the correct
spelling (e.g., `I\hbox'). Otherwise just continue,
and I'll forget about whatever was undefined.

! Missing number, treated as zero.
<to be read again> 
                   \kern 
l.614 \end{figure}
                  
A number should have been here; I inserted `0'.
(If you can't figure out why I needed to see a number,
look up `weird error' in the index to The TeXbook.)

! Illegal unit of measure (pt inserted).
<to be read again> 
                   \kern 
l.614 \end{figure}
                  
Dimensions can be in units of em, ex, in, pt, pc,
cm, mm, dd, cc, nd, nc, bp, or sp; but yours is a new one!
I'll assume that you meant to say pt, for printer's points.
To recover gracefully from this error, it's best to
delete the erroneous units; e.g., type `2' to delete
two letters. (See Chapter 27 of The TeXbook.)

! You can't use `\prevdepth' in horizontal mode.
\nointerlineskip ->\prevdepth 
                              -\@m \p@ 
l.614 \end{figure}
                  
Sorry, but I'm not programmed to handle this case;
I'll just pretend that you didn't ask for it.
If you're in the wrong mode, you might be able to
return to the right one by typing `I}' or `I$' or `I\par'.

! Missing $ inserted.
<inserted text> 
                $
l.614 \end{figure}
                  
I've inserted a begin-math/end-math symbol since I think
you left one out. Proceed, with fingers crossed.

LaTeX Font Info:    Trying to load font information for OT1+lmr on input line 6
14.

(/nix/store/gnzyg3c8dsj6zwii6j7whjhbjlimkxmv-texlive-2025-r78234-final-env-texm
fdist/tex/latex/lm/ot1lmr.fd
File: ot1lmr.fd 2015/05/01 v1.6.1 Font defs for Latin Modern
)
LaTeX Font Info:    Trying to load font information for OML+lmm on input line 6
14.

(/nix/store/gnzyg3c8dsj6zwii6j7whjhbjlimkxmv-texlive-2025-r78234-final-env-texm
fdist/tex/latex/lm/omllmm.fd
File: omllmm.fd 2015/05/01 v1.6.1 Font defs for Latin Modern
)
LaTeX Font Info:    Trying to load font information for OMS+lmsy on input line 
614.

(/nix/store/gnzyg3c8dsj6zwii6j7whjhbjlimkxmv-texlive-2025-r78234-final-env-texm
fdist/tex/latex/lm/omslmsy.fd
File: omslmsy.fd 2015/05/01 v1.6.1 Font defs for Latin Modern
)
LaTeX Font Info:    Trying to load font information for OMX+lmex on input line 
614.

(/nix/store/gnzyg3c8dsj6zwii6j7whjhbjlimkxmv-texlive-2025-r78234-final-env-texm
fdist/tex/latex/lm/omxlmex.fd
File: omxlmex.fd 2015/05/01 v1.6.1 Font defs for Latin Modern
)
LaTeX Font Info:    External font `lmex10' loaded for size
(Font)              <10> on input line 614.
LaTeX Font Info:    External font `lmex10' loaded for size
(Font)              <7> on input line 614.
LaTeX Font Info:    External font `lmex10' loaded for size
(Font)              <5> on input line 614.

! Missing number, treated as zero.
<to be read again> 
                   \hbox 
l.614 \end{figure}
                  
A number should have been here; I inserted `0'.
(If you can't figure out why I needed to see a number,
look up `weird error' in the index to The TeXbook.)

! Illegal unit of measure (pt inserted).
<to be read again> 
                   \hbox 
l.614 \end{figure}
                  
Dimensions can be in units of em, ex, in, pt, pc,
cm, mm, dd, cc, nd, nc, bp, or sp; but yours is a new one!
I'll assume that you meant to say pt, for printer's points.
To recover gracefully from this error, it's best to
delete the erroneous units; e.g., type `2' to delete
two letters. (See Chapter 27 of The TeXbook.)

! Undefined control sequence.
\@addmarginpar ...arginparwidth \fi \box \@marbox 
                                                  \hss }\nointerlineskip \hb...
l.614 \end{figure}
                  
The control sequence at the end of the top line
of your error message was never \def'ed. If you have
misspelled it (e.g., `\hobx'), type `I' and the correct
spelling (e.g., `I\hbox'). Otherwise just continue,
and I'll forget about whatever was undefined.

! Missing number, treated as zero.
<to be read again> 
                   \hss 
l.614 \end{figure}
                  
A number should have been here; I inserted `0'.
(If you can't figure out why I needed to see a number,
look up `weird error' in the index to The TeXbook.)

! You can't use `\prevdepth' in math mode.
\nointerlineskip ->\prevdepth 
                              -\@m \p@ 
l.614 \end{figure}
                  
Sorry, but I'm not programmed to handle this case;
I'll just pretend that you didn't ask for it.
If you're in the wrong mode, you might be able to
return to the right one by typing `I}' or `I$' or `I\par'.

! Missing number, treated as zero.
<to be read again> 
                   \hbox 
l.614 \end{figure}
                  
A number should have been here; I inserted `0'.
(If you can't figure out why I needed to see a number,
look up `weird error' in the index to The TeXbook.)

! Illegal unit of measure (pt inserted).
<to be read again> 
                   \hbox 
l.614 \end{figure}
                  
Dimensions can be in units of em, ex, in, pt, pc,
cm, mm, dd, cc, nd, nc, bp, or sp; but yours is a new one!
I'll assume that you meant to say pt, for printer's points.
To recover gracefully from this error, it's best to
delete the erroneous units; e.g., type `2' to delete
two letters. (See Chapter 27 of The TeXbook.)

! Extra }, or forgotten $.
<output> ...i \else \global \vsize \maxdimen \fi }
                                                  
l.614 \end{figure}
                  
I've deleted a group-closing symbol because it seems to be
spurious, as in `$x}$'. But perhaps the } is legitimate and
you forgot something else, as in `\hbox{$x}'. In such cases
the way to recover is to insert both the forgotten and the
deleted material, e.g., by typing `I$}'.

! Emergency stop.
<output> ...i \else \global \vsize \maxdimen \fi }
                                                  
l.614 \end{figure}
                  
Unbalanced output routine

 
Here is how much of TeX's memory you used:
 2390 strings out of 467535
 43860 string characters out of 5388798
 458202 words of memory out of 5000000
 31282 multiletter control sequences out of 15000+600000
 654478 words of font info for 56 fonts, out of 8000000 for 9000
 1141 hyphenation exceptions out of 8191
 57i,6n,65p,232b,236s stack positions out of 10000i,1000n,20000p,200000b,200000s
!  ==> Fatal error occurred, no output PDF file produced!
